user_id,prob_m,predicted_gender
00122071-ddb4-4411-8c23-c7fee8072d0f,0.1278042206167404,f
0013cfdf-b3fa-4c75-800a-b08f548ae9f1,0.023242871610568202,f
00358796-31c0-4c4f-ab11-8a989a526ba8,0.8871219531822477,m
008d7ff3-4fd2-4185-80e8-4cea9a97d497,0.6527133898694402,m
00a0533c-02dd-4b46-8f46-0608aa34e2e8,0.9138414224546453,m
00aff390-230b-4679-b4e6-55856577ea24,0.7545941357929047,m
01a9c993-94cb-4202-9ead-75de9db6278e,0.01534421831859886,f
01d9bc22-a122-4378-a20c-ea564f1a10a2,0.9758299991223109,m
02dcab97-f264-46f3-9c24-65b8e0aea80c,0.03638335282427031,f
0325e8d7-5a04-4ae4-ac4c-07d10ddfb1cd,0.7716075686476033,m
032e5822-0866-46ee-b0fa-0e410e648d6f,0.18601096086359345,f
03497a09-6693-48dd-817e-4180c998b3fc,0.09550863158072802,f
039df2f5-68ab-498b-8121-4278a47229a5,0.22776844143490715,f
03acc356-12e0-4d07-b808-d2742087f0ba,0.9025432562399964,m
03c07f15-f37f-45b6-a860-83b76b8265db,0.24524238138172763,f
03d2a4d9-0f0f-43cc-b016-63876c1127e2,0.22436266717626877,f
03ef909f-996b-4f30-9c55-db4e0faa3b35,0.05205574140200129,f
04bec923-b63e-47e1-9eeb-f2684114f8d9,0.8943575820383157,m
05015c07-6fb9-438a-9686-5bf1097660fb,0.2370060069510669,f
050e3d22-42fd-46b1-b47b-65ffb3e9fcf3,0.909693555308409,m
054dc16d-7731-4691-85e7-4531eaa966ee,0.1540584203778998,f
057827d3-fc94-4e92-ae35-23cf29ef37d1,0.015570712005030823,f
05bf7980-d9c1-4058-a41c-c75ebf891800,0.18851017779574925,f
05d07b25-2cc5-4134-b041-2c39328398a6,0.12550341986589605,f
060ac0de-2514-49b7-863d-825c60ace268,0.07544270032092307,f
0660f1a7-8d09-48be-b160-0fe4b88bea8e,0.9182734456221219,m
06719609-5602-4a27-b6ff-d4cc7b2db255,0.2442546612865013,f
0689e253-49be-4414-8e95-496ea235fac5,0.31635875481058884,f
06a8d389-bdc5-4961-932d-a9b06bd7ddbb,0.8993774252504163,m
06e0b77a-c100-4e7f-abf3-eac045e186a3,0.24799135939057598,f
07098e4c-4ad2-4e49-a273-de5141a852ee,0.8137197109014171,m
070c4773-0304-4038-9784-1de486d9e1bd,0.185631735679841,f
072a611f-4aeb-4d92-a44e-6e3b149a00d9,0.2500037180266955,f
07525ed6-8f4e-4589-a3f3-9d50bd56e63a,0.028507002563747334,f
07547217-0398-4299-b3a1-ab5231439fbb,0.7897258269679452,m
075a2895-d76f-441b-b347-be856370ab05,0.9451597738574502,m
075b5112-3753-4617-869d-89414aa62ea3,0.10816988945731602,f
0790d32d-d555-427b-a928-0e2c5d3e1434,0.07489693806690993,f
07aaeb15-dc29-4cb4-a22a-e61d32ca2fa9,0.6437480163564989,m
07de13ce-fae6-4122-a630-7d7cfba780f2,0.8190798081938007,m
07e19e99-5c27-4249-b816-0c5a5501687e,0.073592182694296,f
080ba9bb-d5db-4af7-94dc-d05a114253c5,0.1698682058338388,f
084c0e55-f120-41c0-a2df-98724c7b5ad7,0.2341174864766523,f
088a097d-fbad-42e1-ab66-ac937c67f53f,0.17262341434021028,f
08a0792c-197b-4e3c-aa36-06373e51c192,0.03031881023349358,f
0905d508-c75f-4fd0-8e11-ef3df0fe0282,0.13054471515568047,f
091728a2-7bda-4ad2-a542-efaf637a10d6,0.10668574357323464,f
09544e86-bfe9-4ca2-9867-3ce4d3598950,0.1607899940618726,f
096c98ac-31eb-46ec-a5f4-74062cdc6673,0.7504692538122444,m
09726c67-f591-4926-b453-4116545ff320,0.876540319007253,m
0999f93d-0c98-4803-968e-7e73b6ec008c,0.15516609225450548,f
09a5f4fb-a6ce-4567-bfc6-cab6c864172f,0.21974658728939137,f
09b72a55-2af7-4486-b47b-e1491552ce00,0.17787899676174537,f
09efc4c2-b76d-44e1-8338-e5155b55f971,0.7635364877717763,m
09f6dbbf-917d-40b2-a58e-e2a3cc3944fe,0.10745239596417337,f
0a013f34-4aaf-4e13-9e03-07364ff2950d,0.8220418343755977,m
0a28a505-3efa-4bda-9094-b229544515df,0.05783754831202645,f
0a52aef1-ac6a-475f-bea4-75514b5bac42,0.18984039467706706,f
0a6d8839-0208-40f2-970f-92e55650594e,0.10546746964074935,f
0adc2f5c-3b59-4428-ae37-43abbe346103,0.8090640152989748,m
0b5d27d9-e95c-4674-b308-8f773b65c590,0.7396674668305373,m
0b9b4504-cdfd-4529-b202-345bdfe9af28,0.2646757196069274,f
0bb7c181-4927-4f6c-91ba-0499896f151d,0.010758619557161089,f
0bdeb532-f19e-496b-95cf-e86d75a3fa63,0.15155017149737046,f
0c068a40-dbc0-4717-a116-81bd11f61e61,0.9451446830047785,m
0c0e8c7c-6fc8-4e48-9af8-25b02e785c77,0.1801978939696578,f
0c1c325d-78f0-4cf9-aa8a-15840b492143,0.8401218154746724,m
0c2d5048-9732-4fa7-b307-afda772ea093,0.7601335502740871,m
0cebb135-e150-48fd-bdd5-716b993cd89f,0.9411741462241173,m
0d264f41-00a5-41e4-9ead-639b9875ca7e,0.21649221905652524,f
0d373bc2-52d2-4a41-89e1-7e6d5f6b938a,0.9846445327391793,m
0d5fa3bd-543c-40e9-86a3-1021524b0024,0.723797016871075,m
0ddad4a4-b86f-4adb-9dd4-54c5e97b11a2,0.1141218226332408,f
0df88b5f-562a-458a-bc62-249407bebdf9,0.20231984696811472,f
0dfea752-a74f-448f-9233-1a6f2030f934,0.913841315512721,m
0e40bb4d-1cea-4188-acff-90d6961e0af7,0.29501229003681884,f
0e4b99ce-e9e8-4542-9c04-bbe05fe33a38,0.7492040532540301,m
0e57d22c-e318-46ac-8753-4c409dc37107,0.21510470770491535,f
0e6f4e6a-c10a-434a-86be-380973b80949,0.8905547936387936,m
0e781cf9-d20b-493d-8122-a42645480ba4,0.17372962434068856,f
0e83d412-0b9a-4cfb-bd1f-8a472e3b37b9,0.07532916726950711,f
0e8a0565-7d0a-4736-a0ec-fdcb12b28290,0.7597075012423833,m
0e8c3621-f91b-4221-8309-ed64d2abf31c,0.9084605887888272,m
0e9d438a-c497-412f-abfa-6a82bfc5b44d,0.0987007113863877,f
0ed3e631-4edc-4792-9d4d-6dba140576ec,0.11979074045168935,f
0ee0f2f1-36db-4378-b4b7-39078a47565e,0.29409663110476175,f
0f0567ba-ccb5-4a90-828a-f4f41a18fbf6,0.23920164603979632,f
0f0a17e9-fab5-4734-ac22-39efdab57b7c,0.6892620184645315,m
0f4f49a6-b9b8-4f5a-88a4-c6fe49567efd,0.10071261295136509,f
0f66705c-71cd-4e70-b1e2-d15ba32d3296,0.8893024512115046,m
0fdf4801-2c30-4145-ad52-70a75ba9fb71,0.16336016040900941,f
0fe6c183-d4fb-4fd4-865a-54397293f9d4,0.20134152914854142,f
10882c4d-ff71-4939-a925-2661a086045f,0.14327709741258302,f
10b2df8a-04d1-41aa-98b1-30d0a44b3904,0.13388076372616822,f
110c420b-01f8-47c1-b964-c151dec4e964,0.8305766547871302,m
1119142e-a4c7-4e4c-9d0e-aa10b8cbd16a,0.9580645372101976,m
113791e6-c604-4208-98d7-18930b4d685f,0.6893589866588343,m
11494735-8001-453d-b21f-eba591a471a3,0.2540804625805114,f
1162d04c-bcf2-4cb8-b83a-76156a8282c9,0.16808394904248178,f
116bb36b-8c1d-4db2-8b51-7bff6c6d149c,0.09875820551536162,f
11869b9e-da3b-4e8f-bfdd-e17679887e83,0.8443194127257497,m
11d9b3e1-336e-4f18-b765-0145c214b7b3,0.9678904289826958,m
12432e7d-448d-4023-b9a3-c18e8fc8866a,0.19389284908942886,f
12f5c53b-535b-4ac4-a0d8-2afa5694d331,0.8861821970875702,m
135bc4cd-b43e-4358-bfe6-6daed5e163f4,0.11842249139367964,f
1381bf00-3f19-4024-92b8-0c9607713a0d,0.2205616031454581,f
13b254f5-176e-4337-8eb3-90dc9326027e,0.06404456052910028,f
13e76307-7f1a-4531-a356-fe698d74074d,0.21401837748062305,f
13ee6141-20e8-4f8a-8c6f-b861bb396ebd,0.12397690406892528,f
13f133cc-538f-434b-874c-0fbcb0bb59a8,0.09409480074176989,f
141e3ed7-6bb5-4b5e-9067-ff8f9de77781,0.7971008703254105,m
1441b423-6e9f-498c-b059-eced86c4c36d,0.08108262076365066,f
144221c3-2ec4-4157-aa12-27c85d8e79f7,0.236072782013792,f
1475d088-dd43-492d-9367-037d8f4563ff,0.8154393950665895,m
14918b10-eb7c-4e96-b6be-93214dddc172,0.2050243146706207,f
14946cef-e4e7-43a9-b305-32a10d726201,0.1126910290431074,f
1496e2ef-9285-4299-9a2d-8bb6d1faee05,0.8789538979373718,m
1584bb96-0c1e-4c89-b229-9841e5f13a74,0.10688594388733896,f
15b40b1a-4073-4464-ab22-47c0b2793d23,0.37262544874170206,f
15c77ee8-d5bb-4081-9dae-e08094426b8b,0.18885890894104582,f
15d2c28a-ca2b-4ea1-b020-084788321172,0.9229289599203473,m
1660e897-74ae-48b8-adfc-e64a0ec5a0d3,0.2615607155862938,f
169a2316-54bc-4c69-bf62-7e8753b5f528,0.8419827735950186,m
16cc4f9d-6702-49b6-bb69-cf990ade76c2,0.21770095822712798,f
16f05dd7-223b-4d03-9144-af800efb94f1,0.8154498662492152,m
17321dcf-bc5f-416f-a327-582cb00c57aa,0.1534998837342026,f
1761bf6e-4f68-454c-ab22-fb3de47bcfad,0.18624258073133623,f
17898e0c-8ee9-46cb-8b62-198e8e818af2,0.20115046983445414,f
1795a3f4-9a2e-401a-a82f-0d80a3ad63fb,0.32265880117422535,f
1795e226-e944-4acf-8cde-41cae8dd3f02,0.17371822475313506,f
17ae4efb-1b18-4f12-9e3f-e3bc8b817959,0.11822145900074266,f
17eace46-9970-4e09-97e5-ee300f072d95,0.8397228950375852,m
184625d1-4a06-4bd5-81d7-c02ca2ace0a4,0.12854713977591087,f
18da7ff1-d186-48a7-ad47-4c32b9defe66,0.8504860585993289,m
18ea916b-65e2-40bd-a8ed-8e139f0c53fe,0.511570669364123,m
192aa27a-6053-42c4-8309-6e6cad2fb7eb,0.20207298111710276,f
193c6ecd-b49b-4005-9429-4cf568e778f3,0.798521064428742,m
19694518-9524-4d4d-b902-acaa3963811a,0.22455370530653304,f
198168a8-7414-48a4-a7e1-3376efa43165,0.9841651342765202,m
199b0f7e-6370-4508-9bb7-7b9bb7685c89,0.7502816030859726,m
19b17d9d-e3b7-457c-bcb3-08ea46b0b814,0.13552246833650494,f
19b5a9e2-6755-4bd3-b904-20c5ef3e9824,0.9304981830017551,m
19ce9839-0d87-46a1-87e5-0cc105f328bc,0.2571579166856178,f
19df3441-4239-4bb8-8145-d705af0e6090,0.8381936954010442,m
19f96afb-5b07-44a4-a066-8c2f8c0c896e,0.052265476538655965,f
1a46547d-ebd1-42cc-85e1-3662954bc497,0.09661096357122562,f
1abeae1d-bf25-44ce-a9a1-8f24d0bdbc32,0.2838391203087252,f
1ac053cc-046d-45cc-ba9d-915f452c16a9,0.2405827039955275,f
1ac40408-bdd0-4fe2-ad18-88d5473964fe,0.32811770976111876,f
1afa67d8-4f15-4551-9d70-384880d671bc,0.6075202865185135,m
1b175f9d-f5cf-46d8-94ae-d9078d53af47,0.9001713281706367,m
1b3eb15a-85e5-425f-9047-daba00fbf3b8,0.3502079605127961,f
1b6ddbc8-aead-48f8-8138-d81e6c2b1333,0.837713167631576,m
1b9dea1b-f0cd-42ea-9993-6819ba6658f0,0.09525644111781253,f
1bc878fe-5413-46a9-9816-6029eca3b524,0.21194314056256655,f
1c219b2a-dca1-44a9-a0be-1c770996a4ec,0.8845949929870096,m
1c97294e-7bd9-4bf9-a2b1-1dfa0f9deb91,0.0852930174403972,f
1d1e5226-cf4e-4aaa-9d23-073b8bd0fa44,0.9479049838056559,m
1d297427-5aab-4981-a1e0-d479a20c339a,0.20203929294929338,f
1d3fbc06-1644-4a02-b1a2-2797aa5e5fae,0.06103421339427987,f
1d9403cd-2528-458a-a162-190a9d3f93c7,0.8752823204124256,m
1d9f3941-4f82-4655-9fdd-8fc7c4b9c313,0.1332249101008317,f
1e0cacbd-fd9e-48a9-b246-eced0cceeee2,0.2559688135185232,f
1e319b89-26b3-44b1-bfbb-8685f4a28ff7,0.8370188301630781,m
1e5a2d79-c835-47dd-a4ef-14919ab4cd9b,0.8001153433479306,m
1e6b41b1-569f-401d-9e61-d507b2708e25,0.22027252155502883,f
1e7288ad-71b7-48f5-b109-24d244b0d2ed,0.26505374897442135,f
1e7c2a8f-5730-47c2-be77-a7648abd6188,0.10594772499863697,f
1e9474b9-f1a3-4877-bfbc-332c07a5aca4,0.14765694611901356,f
1ec8a8f6-6c0a-4013-ae94-9a70f60a29cd,0.7653450924069991,m
1f0330a9-0e60-4471-953e-445d3dccb123,0.8261629593703484,m
1f1d554c-7723-4221-83cd-1b10b0de6c4d,0.1080497308096645,f
1f64ddd8-0bd1-453c-93b9-8a3130bbad39,0.9743866359043538,m
1f8b09f9-ae3f-4b5a-b394-f46fa6118337,0.8276859269790332,m
1f8c4548-12f4-4c09-86b3-eaf4bbbd7d89,0.9252468646603216,m
1fcaccaa-c6fb-4db0-98a9-90b8b2653fc6,0.21804150681689444,f
1fcb86ce-95c7-4124-ada0-ae1808212dcb,0.15225151802654804,f
1fce0d82-2d44-46c9-a332-f6f9e2edc85b,0.0821664875916381,f
1fd316a9-1993-403a-bc1d-0a16d462575f,0.011543064829360744,f
1ff93c75-72b3-4d9f-9313-724d4fe0775f,0.7563720133812141,m
20046fd3-4b4c-42c0-9aa8-2fff88949a2e,0.29266640037346403,f
202725c0-92e4-41af-ae19-321b2aa0c8ea,0.36699148714676205,f
20809e6c-eef3-4f52-a918-7bb7a9b501d5,0.2574602489026796,f
2182830b-43cd-4ba3-9a81-fe3446d397ad,0.2172666670971611,f
2192c1c9-f546-4e0f-971a-d443836cf8e7,0.7800929784046676,m
21bfd1b0-9b89-4f3d-8040-274503664fc6,0.059052065121363705,f
21c4f565-0b3c-49a7-b244-07e079448b26,0.7550149172363494,m
21cbea4a-99c9-44f5-96cb-4e722145d430,0.1611644736676609,f
21e6af94-d521-4fd4-949f-698a265e8378,0.05352869556898292,f
21fef683-8487-4f42-9ff3-1bf5639faa9f,0.01965189725206864,f
221e7d72-0532-4f13-a458-0249895d5ff3,0.7848781208915255,m
22308294-a54a-4294-9640-affffe4d5450,0.17208348814878985,f
2234d72d-6e32-45c2-a3c6-672679bb6199,0.12733524101866886,f
228ca1a8-2b65-412b-a6dd-fef32fc1e5a7,0.1764567411914038,f
229e4658-0579-4449-a650-f2a5bba57e9d,0.27678743472346345,f
22d60750-1c09-4570-823f-cee1d72bcf9a,0.7022283178690497,m
2330f176-8e15-4e8d-a1d9-174d3a398223,0.7938565523535214,m
233d2982-5504-41b6-84ad-beac89faede9,0.9258909738091209,m
237041af-decf-4682-a23d-e9de675f1644,0.9138848152030058,m
2380156f-2a43-493c-b1b0-cb131feb6f87,0.26737696541309647,f
23cbf034-5e81-415b-aa85-66eed32b8712,0.18081373825414396,f
23d43426-fc06-4663-804b-caa544b2ddf7,0.17076887068701105,f
23eb7043-0107-45c7-adcd-833ab32ac14f,0.07713754117064618,f
24134618-9f55-4e4d-a6cf-7afe9b5436d7,0.2694144325152517,f
242f4b65-180f-4582-b4c8-8a0522a7419a,0.23850968440203582,f
24302192-47be-428c-8e3c-f01679968546,0.21020821846692425,f
247b7310-84c5-4b8a-af6c-a11f335aa49f,0.34107720744036074,f
249ff1bc-8cb3-4946-bbf2-ac65d54a6b32,0.2515410808871301,f
24bc396b-b0ea-46a7-8f28-ed16187ca2d7,0.11737225529809857,f
24c192f6-8617-4492-a656-957341d86934,0.175596211424537,f
24f7cc68-9ca8-4921-aa5c-318bc80e8dfb,0.7187213423963943,m
252d3bbc-e8ff-46f9-af0c-eb66e10bdcbd,0.008400603149179581,f
254cf915-8751-4333-973d-a6afbde6d47e,0.10484297283406514,f
256563cc-2c1b-4e51-805d-3f230c2a27ac,0.20710148022090186,f
258f5868-724e-424b-b6e9-7f610c149e27,0.9335117453748062,m
263e494e-d36d-426e-9608-5f56b89c372c,0.7127659800624222,m
268d9527-6bfb-43b6-8578-0f4ca215f45c,0.11074984817460366,f
26c6c9d4-37ac-4fcb-8cfe-34dab09d7cab,0.1497578375546596,f
26c917c4-1eb3-40cb-ac02-530ba10fe735,0.049299817531383426,f
26e90188-6c52-44d0-a8b1-61a8b7739222,0.3059739273588281,f
26ef073e-9fa6-4295-b1bc-b7a26b33ce57,0.2425356023040519,f
26f0ee97-87a2-4237-8584-21dd0d76d78a,0.9484541489804229,m
2702351e-b90f-4645-a164-39a6e117e6c1,0.28461922037417114,f
27260d78-59bf-455a-b96f-814649ea367e,0.14675136257057478,f
2732c44e-1742-4582-b916-2b5e6068dedf,0.2533381558778431,f
274be220-b186-4e02-8d5f-72218ce74d49,0.2866536811070717,f
27cb589b-b5f7-497c-af37-05d7803d5341,0.3000280826969009,f
27d52095-3635-4655-8fe7-639290d8d776,0.10131364275309206,f
281b4b0f-a8bc-4f08-b19f-4b90378ad9d7,0.9166081217470919,m
28c4d4eb-701d-4d9a-935a-f7b11b392c4d,0.0955198260499952,f
293c851b-4adf-451e-aea9-79679399aed9,0.1611880924280876,f
2946b49d-1917-47ea-a993-9ef474a138f2,0.13271240798708406,f
295426bc-6131-4bd8-9123-21eb1a6b468d,0.9925961484463431,m
29833b68-d881-44df-95b7-85ebd6a1fd2e,0.15005227151168937,f
29b47abb-9b6e-4f0c-b2cb-1b73ad9be788,0.9635967208981432,m
29e8ecd7-7550-45ac-b225-9b62990e03bf,0.20425255847446766,f
2a4a2d07-48aa-4a7c-82aa-dc6347d82935,0.8700732984739796,m
2a6ba2fd-7c05-4adb-9a03-9b69b4871c4f,0.9928943702027636,m
2a968fb3-2a71-4376-95fb-89d906a0812f,0.11725526503194009,f
2aa1f83a-736e-4d6b-b223-09d0d1afa4e2,0.7827918230456912,m
2aa8b0d0-ae0c-40bc-87af-1b05bbbe85c3,0.22038819229248446,f
2ac5325d-ae73-4c82-9974-da7a0b480926,0.2668620266059806,f
2ad2c63b-dbb5-4163-a3c8-c23ae2576038,0.3173895992716187,f
2ae9632c-8aef-4840-8f8e-345b2ef7db9e,0.6454094993507608,m
2b09d5a2-6dc3-4dc7-ab59-631e70916c0c,0.09018982181707937,f
2b7a0d84-bc16-4047-bb0d-ded4cb7cc3bb,0.18006199072434803,f
2bb1f018-7229-4c27-a331-4b6a1592c706,0.13681211493133394,f
2bd192d5-c82d-405c-82cd-2fa5f25edef9,0.09192225830566288,f
2c670462-47ee-459f-81e6-780a76691d3c,0.1514548946643881,f
2c8ca652-7084-4b23-8d54-bb04860e6b6f,0.7037492651632692,m
2cc5b00b-cf3b-4463-a43f-1d331483fee0,0.13322447377749397,f
2cda0529-6a18-4769-8b3c-ea0df6514c55,0.9757441293326634,m
2d4116f1-e0b4-4e7a-a7cc-c83edc0d3337,0.04265661790811702,f
2d66db1f-7b1d-4241-988f-872890da4dde,0.16424575241015404,f
2d7f9650-c44a-4432-9f23-a557e55d5005,0.13486933617671248,f
2d88e774-5fb1-4f52-a20a-a388a516909c,0.08787425707145168,f
2dcac4a4-2b31-4818-ab0a-c2e9766fdf29,0.2497845927547156,f
2ddc1b72-4781-4a50-817b-e707e01f0ae7,0.08059497387724596,f
2df1488e-ce1a-4e1c-8c59-aec5b7388ed2,0.25326087332504876,f
2df2ada8-d9e3-446c-a730-28dd66e2caf7,0.09334426835671136,f
2e16bd8a-4ca9-43d1-9d66-8fea7424d640,0.36446532829767986,f
2e6b0fb0-3bba-42c1-92d1-2e9337675147,0.1541040323772353,f
2e80f1d3-4423-4714-9652-f7deb390ca46,0.07848595641625805,f
2eb005f0-b7b1-4222-97dd-74c01479edea,0.18071857181969533,f
2ecfaa59-dc77-4b4b-bb11-f617314c9742,0.22020846947232403,f
2ef1cd63-1f0c-456f-be4c-491dee03164e,0.07743715703490024,f
2f07548e-83f2-498e-b87e-e4530d8190d3,0.3300238700998883,f
2f0d3bad-e30e-4a40-9714-c529fff6430e,0.8350884038465034,m
2f134bd9-b4ec-454a-a4c5-716e151058e9,0.9100160149405883,m
2f3ee1a6-69b7-4f75-827c-15a0db5dae98,0.1351046326162578,f
2f50e8d2-deba-475a-9338-ba149b556710,0.9823343558041459,m
2fd17186-b997-46b6-b540-dc76358c275c,0.6881124657327531,m
3001925e-f000-40eb-841c-5d33e120e143,0.79731438047327,m
30200a5a-f09e-4f2b-8b1e-13f29833226b,0.9832140232824178,m
30315e90-f0fd-4a59-96ae-1c934a023dfe,0.31411041529838857,f
305bc4c8-89a8-4a75-8fa3-049f979aa04f,0.6925690666096588,m
3065bfc3-503a-4ea0-990a-28ffad53e27a,0.2856415007124602,f
308fa01d-669a-4071-9630-0b1723e68265,0.7865318926722776,m
30a97998-28d4-41e1-9aa6-a6464f1ce20e,0.3159401951532046,f
30affeb3-3896-4f6c-b892-bf1a243db964,0.3086162622016693,f
30e0ef26-5903-42f4-9788-9fa3a28dba4f,0.9331944316574731,m
30edc5a5-e1be-4beb-b630-4887d2098d72,0.3129988783984152,f
30f8ef10-95d1-422b-a3b7-fe3f75c864e4,0.10769502481166927,f
318cc7e2-64da-4361-9db5-25b369e87f5f,0.9702017426880558,m
31a10335-f152-4c27-9362-3641e0703e07,0.13587426552001677,f
31b5060d-dc6c-4333-b33f-be3ef8177e42,0.9009172376697296,m
31d5d24c-9198-4bd1-a3e0-137e1d718b7c,0.22057365614402355,f
323ad31a-2348-4237-b651-f9b842e1395b,0.11816772158769648,f
325b1598-90a1-4eab-8852-deb0091e0a72,0.9565474076762018,m
325fc173-a181-4cd1-b063-aac2fccb8186,0.12193082716258347,f
328dba42-4038-4050-b334-a8a1132f8239,0.29804602301300337,f
32fa8797-cf66-4d95-91ef-2246bdf2f39c,0.16969988463090807,f
330329fd-9d6d-489a-8582-370c074ab421,0.8504916730912698,m
33734b76-cbca-4490-b394-e146e1d14b69,0.16925200666857956,f
3390afb1-4c4b-4ec6-9ec7-b888ee97bf31,0.697369244637005,m
340a3073-c7d1-4740-b5fc-580d3ee8b771,0.0821504055597625,f
3428b72d-d54d-42c9-9e97-34a872236e73,0.9448881014247279,m
34efe6f9-d378-40be-b6d3-61048d85c8ee,0.061308085850357255,f
34f57880-8da3-4c04-9fff-5316db49bc9a,0.791458072229016,m
350d0dd1-3791-4ad2-b550-36adea70df3f,0.15568592492310107,f
35145c09-5975-4727-8d24-17401b2d1bee,0.1384440773462052,f
3514fd16-5689-4d53-87df-bc644a8925f2,0.2519447278512691,f
3517240b-e599-4d26-bbf3-b51e78068221,0.8249377927215112,m
355b6b67-9f38-4731-8c45-10ee9b46dabb,0.8296172471247668,m
35894491-5124-4f63-ad05-5210816cd1db,0.6708336279565243,m
359db2fb-5920-4890-bdf8-421eb9a6751c,0.093798909097225,f
35bc595b-f1f3-4393-b2d9-425f55cd6088,0.8013366330169511,m
35d6bc01-d3a1-4f71-9038-6ebcc76d9792,0.4163341434099551,f
35da7023-188a-4fcd-a04e-f6a24ce30190,0.3176151444045884,f
360262cf-7dd2-418f-a9e2-d79c9c49e4a7,0.20543130171287896,f
361160eb-b559-4ad3-8149-2609f0a42df3,0.3888738639449272,f
3685a8e1-a4b3-4abf-a631-c06405c311a0,0.9080012842463173,m
36af2cb0-3e4c-4dfa-906b-d124bdad8c4a,0.602594643151598,m
36e355ad-2d82-4d62-892c-29a548679acd,0.8689330805549169,m
3703319d-222a-4925-ab85-80de6ec8790b,0.13307954441631709,f
371e2f94-7869-41f2-9a3a-a84ad6e96eed,0.1977510628293361,f
3738c114-2452-442f-8a23-42f7552734f0,0.11892367000101119,f
374c58fe-6a79-45fc-86f0-eab4b418c117,0.14396725148898382,f
37794284-db55-4084-a67e-732f453253ac,0.17766263844838165,f
37a8fba2-e8ed-4c91-bba2-301c71b3197f,0.8021155509768524,m
37b05890-1350-4ba2-97ae-28c809c873d8,0.10819169251766063,f
37dba9b7-124f-4b3b-8643-bf947757ac70,0.03975748804735891,f
37fd201f-40d4-4c0e-b7f7-e56fe93bb17e,0.1501235866508532,f
383b5482-d8ec-4a90-abf3-a340a4719b69,0.14021818865217064,f
386e8f5c-fedc-4eb6-aff3-9aa2d667acc6,0.8446666082961293,m
38a8e086-cc09-401f-be93-8b5cf6935f00,0.091877218624163,f
38b8a2b5-65c8-4ca3-816a-e4c24aef7143,0.16096989585719754,f
38fab2f0-fb17-47ca-8705-bea479321965,0.719317990317553,m
39099905-7b33-4e90-b03a-66aa2c6a1e04,0.16873611948801337,f
39382e22-ac5a-40ec-8450-d76ac9c45fb9,0.9092418742841506,m
39640e64-1e4b-4311-a286-8ff723ea79aa,0.03218647960228146,f
3979b393-9177-4fc6-a4c2-82f0dd65b6f5,0.7497851452467682,m
39c037f6-67be-4c7d-91cc-ddcd74df7787,0.14078696688215395,f
39d90076-f0b4-4361-a59e-eaea63acbed8,0.03306913986934151,f
3a36ba44-189f-4012-86d0-02a0ac62389d,0.12259912326639219,f
3a388020-bf30-4a1e-ad8b-63eb0cb7edbd,0.2352223978280974,f
3a4333db-e470-4edf-93ac-0ffbf0e5b785,0.06914250413113195,f
3a48d7a2-af2f-4218-89e4-68dc9914af06,0.14807049736794964,f
3a5f8298-2e32-4733-aa0f-14bd8ec590c7,0.1991236901056523,f
3a762965-a2e2-4c9e-b29a-67c744639af3,0.08658984528956552,f
3a7a6c4b-7818-484c-8e6f-f53a75b17d48,0.8306904182449244,m
3ac61fed-8d05-4e7d-b6d4-bf92ad3ff227,0.151350999573828,f
3b1eea54-9a3a-4a21-8916-3ff82481afe5,0.14756197914353772,f
3b694d55-d6df-4431-9bf2-ff6d69d17b82,0.7154241024917828,m
3ba57814-89eb-4b48-9f3c-f288abc4ea2a,0.17240878882022595,f
3bf9a5d2-8f59-4e32-b09f-68752726cc7f,0.3114096311558628,f
3bff59e2-9e16-43ad-b470-bc5b38ceb99b,0.19165894120548055,f
3c18f02d-a4ed-4afa-94e1-73449c1b6214,0.30620545211326405,f
3c283c12-0624-4a68-91f8-63ac825dd4d2,0.6525892127684229,m
3c53a4e4-1a05-44e0-a47e-87f339440f4c,0.22436690231582226,f
3ca10e75-f82b-479d-8a50-91ee0bf693f2,0.02807998307261341,f
3ce16fce-ac9d-4ecd-a31c-d59010a30fff,0.7083866890868583,m
3da8ab2c-caf8-4e92-951b-7743aa26ce60,0.13437705060972432,f
3daa53d3-28bc-4b87-956f-a8acf99e3c86,0.10423960485563373,f
3dffb1b5-1c42-4c5d-9c63-6ebb3da9bea4,0.21742091480176273,f
3e08954e-466f-48be-a1f3-30266b142316,0.12358958427284836,f
3e369554-675e-4e24-bea0-04a581afc770,0.13325086899025132,f
3e676302-2d6d-4275-9370-e240634db1d5,0.7947628248254366,m
3efabfa0-6564-42ce-a34d-4994fc612178,0.07837382933103211,f
3f05c1b0-7506-49ef-ae6f-3ad6e885a777,0.876731799261625,m
3f0c76f0-a4a6-47b2-8238-25ec7aa1e075,0.265427502968698,f
3f2d4211-35f3-46be-9249-01b28a53721e,0.08042776523617613,f
3f6c5eb7-2a84-413a-9e51-7b668e4d1ffb,0.15694157860060268,f
3f9eeeb4-99ce-4ffe-b3d6-60a3ef7ed659,0.11656644599875783,f
3fd3d587-d570-4f98-9d4e-4bf2406ed6bc,0.8468904368742375,m
403495a8-2bed-4529-b97f-695d07a666a3,0.27778757180618924,f
40d78ba2-02bb-41db-91a6-763ea1fc6a5f,0.12351849693893341,f
40fd8afa-841f-4ee1-981b-e02f0a2059e0,0.09295594924333168,f
4100d132-a5a4-4351-b58f-ac66cfdad0c5,0.3043052618066736,f
41127cdf-9717-4240-aa08-0da2c7d57b3e,0.12762864411055763,f
4119e63d-6668-4d05-bdc6-9fc34428711e,0.06369650883680786,f
4130791f-9548-4cb7-86f3-1aa05269a0bc,0.04599058386885358,f
4142f95f-0f0a-4608-84e8-871d625187f3,0.09058811843062797,f
421c77c0-1cce-43e6-91b2-cb1c43b4f627,0.10729741055251776,f
42423e1d-95d9-48fb-9645-03a5e927b691,0.18653686926954205,f
425d5b1d-c8c0-4594-8802-d11c87dc0f96,0.2549187977223563,f
429861ac-1102-4f0f-aa22-9407c8a8b469,0.773809744566109,m
42a2d30e-8543-42b5-b130-4ca7b60f4ece,0.09589624680865455,f
42c6e62e-8262-42ac-9d9d-b77dd3e3ffbc,0.31624609110106056,f
42cf4537-8f0f-4f7e-a9c5-b5d667082d27,0.05720802700648848,f
42dfa9b7-74bb-4d09-88da-813821de9e62,0.7933126380966263,m
42fe5a3d-34f4-4400-ba92-e278f5392fde,0.708186377869602,m
4311d8be-0b42-44f8-a7b5-8c5e631ce379,0.17558867973625877,f
43197b29-5654-4d40-872a-a0be46887e7d,0.11251362007756935,f
434712fd-31a3-4119-87f2-02ee9675b781,0.2972149614959706,f
440285f8-9f0c-424f-b1c8-5b886037444d,0.09997223635767992,f
4445d26c-7538-4282-b90d-c115af0d403a,0.09993032716344553,f
44bff48d-d6fc-4e29-b36e-1e730e8611b8,0.1340935256915337,f
44d89074-3013-4c4e-bd39-3c5ba8fb261d,0.7236162600857031,m
44dccb39-208d-47ba-afb7-5a4b2caef871,0.14276877254426582,f
45262742-da7a-4489-91fe-425da5446a94,0.18315889331615223,f
45299927-ce1b-4bcf-944f-5037255ddf1b,0.9615509664683167,m
4540159c-4771-4f29-8468-0fb793a788a0,0.04508524428058656,f
4590a409-6874-4262-b39b-2a8fdcbce151,0.09050740348714162,f
45950754-5201-4bf6-8279-3690fb88e219,0.1126049969775368,f
45b43d90-3308-4d37-9f47-56c7327836b6,0.29433222900764533,f
45bed165-69c3-461c-a8af-8d5fac4bc5c4,0.9717616186962119,m
45d2c5d2-0e42-4b02-82b6-5621459ed803,0.210350175418837,f
45f39b9a-f8e0-431b-b2f2-1c5440a9ed16,0.33124945086543195,f
4601a942-5c37-435e-8d2f-01ecf3f6ff2a,0.4440708836486221,f
4608a200-a96d-42e2-bb7d-79d25b2f36fb,0.2986637819158901,f
4615d661-75c8-409c-a618-dfab1d8208d5,0.8358823110873862,m
4672d050-af6b-413a-9ef4-645673021c25,0.25644578465991325,f
469acafd-aad3-4e96-9e7b-91e553c5a286,0.16531710681127884,f
46deb40e-3158-462c-abc2-2eb3ac346d08,0.27889539006245323,f
46f1b1e4-e65e-4ec8-96cf-955e892e45a2,0.308589073383889,f
470a50a1-44d4-4e2b-8412-c5e65ba9c7b9,0.1950053936343677,f
470d96ca-333a-44d3-8967-b4fff59b8978,0.13475850578265827,f
472e2f46-4ed5-4c1c-98c9-bb35f70603fd,0.03023300068815708,f
4756f876-237e-4082-9b60-69b665171ff7,0.9270898107623559,m
477273b2-5811-4c6d-95bd-367c354c366d,0.6586346297967024,m
47828c0d-604f-4f67-b555-28d5de97abcd,0.1836248585576603,f
4845e62b-20c4-437c-92d4-9bed5970072e,0.18532582221724295,f
484aba79-15b3-4353-8f1e-db24bd009f45,0.05677159486249626,f
4866fd1d-efaf-47ab-9b62-6e59a50ccfd8,0.112754533316999,f
48778bed-877d-49a3-895d-5eafe264a80e,0.9065224908281347,m
48830e3a-7d2f-4d8d-b17a-8ec658aca276,0.2417506867322292,f
48a3f084-9a0f-4731-bffc-90c1aaf4404c,0.1424141806342767,f
48b16683-a77e-463a-87ee-9be15e5a3b30,0.0933484583957098,f
48e281a5-abb7-45ed-9e22-c23dadbe1864,0.06958140316315102,f
48ed5130-a346-48a0-818a-8e044482dce7,0.7994849206786864,m
4944aa60-704e-4c19-8610-38d6bb69ec0f,0.11610507887817961,f
494e7200-0fc9-465d-873b-c8736f2ecf60,0.11800736048319375,f
495dde1e-fe99-42ca-9835-a0bfe6be9bbd,0.15034991267756317,f
49668cfd-57e1-4b40-a10c-59e72de6bd02,0.17228687410154447,f
49b9fd9f-240a-468a-9d2a-768c40de847c,0.1996786591335524,f
49bc05ed-9e41-47a4-9943-fce8a99d5896,0.27819927614134327,f
49d23170-326e-4390-81f1-621004bec99c,0.1737075446093683,f
49f2ad4b-e704-4925-a579-a65dc48f207d,0.16876678904058584,f
4a4c0b81-ed78-46fe-a98c-a1b30c7f42e2,0.8652562123638516,m
4aa087b3-56c8-4fa2-afd7-a25f1c762c44,0.7850416324959693,m
4aff092a-a511-4bfa-a6f4-95d87eacf083,0.6403956575620118,m
4b1ab556-9400-4dc6-99db-dbb50063f180,0.17304581690981943,f
4b2b17a0-32be-4cd6-96e9-0beb46e68082,0.2721770047405616,f
4b3bf2cf-9096-4fb2-9c9a-5c5d616eb601,0.9468899215442833,m
4b51e25b-f1ab-404f-99d6-5afe417fd372,0.7658523105039376,m
4b588489-9750-41f8-bf56-610a4812d704,0.2252458073798627,f
4c4aac9b-3916-439e-87e1-31b423bf56b2,0.0730994344110608,f
4c5158d4-9311-4fd6-b596-bd4afeac9243,0.6757957801977292,m
4c63aa95-bdff-4986-a320-b05105e5f02f,0.07698292005565482,f
4c91eb7d-47c6-45aa-a13c-9700a8bb5d00,0.3082957118440696,f
4cb248db-ad99-4080-ba7c-836197127b09,0.3009562827242028,f
4cd2c79c-18dd-455f-92ca-b65e697c6223,0.1670744636050785,f
4cd7d5ab-5545-4df3-be05-d7c9a9fe3eb4,0.8009022954355636,m
4d02e729-62ad-4707-a9b9-ae03b0a904ac,0.08352086753431473,f
4d289458-7f67-4261-b752-61e3b109ef80,0.07794051679292273,f
4dca15b2-70d2-4d04-b8b6-c48a5673ea5c,0.27672027019910905,f
4dddebfe-b8f0-420c-8c07-c527cdd0cf96,0.1889738586754516,f
4ddfc76e-419e-49c8-a2b1-83cdba728241,0.12975279283513486,f
4e24f03f-823d-42a9-a6d7-a886b612f24d,0.4538226876541471,f
4e57e21f-4689-4409-93df-b679a809e16e,0.18733699778680124,f
4e831100-2ce9-4cf6-a1d0-aa30b6e2e35d,0.04700323546542191,f
4f28b2a0-f274-4aa1-8b5c-3f2df9a20ee2,0.7076151377187304,m
4f334ca3-e212-41ec-907f-fd8f2d918ea1,0.08611685655701273,f
4f34ce08-7f82-4210-a207-fd3443a6dde8,0.22887646286214172,f
4f452774-c664-48a9-8a46-0c41ed74c145,0.8171950072536236,m
4f49be3a-9b15-443d-9271-46d6d328bf0b,0.1600177950957258,f
4f556c3b-50d5-4bd9-8f65-dad89ddbbcd6,0.48285050458421425,f
4f63e77f-d711-4a6c-8bc6-ff2d34de9828,0.9159679160289769,m
4f6a85ca-a3fe-47c3-a8c1-6b7036a355fc,0.15291161117393395,f
4f929114-ba32-482d-b5df-05f1434809ea,0.8830718462491814,m
4f9d176d-2156-4e06-ac83-77393996847d,0.26828146178041923,f
4fc45233-e9f1-4ec2-a9c3-e9e3503c24ff,0.1496621576290546,f
500b60c1-1bb5-43b9-a41e-01eaf9bd83e9,0.12484102965651712,f
5020e7af-db58-4386-bae7-60cce1e18f56,0.052897956098606404,f
505f5226-9b92-4bc4-b77f-bb2f707a655f,0.14697934297808773,f
50617311-f5b9-40b6-853a-0c22250c3c01,0.7675653169043215,m
506bea59-e159-4119-b242-fcc35ba28b9d,0.03620525992957663,f
509f3ace-b752-40a2-97af-105a50a005ec,0.7478322230147324,m
511b45db-322f-407d-bace-90661dc390c6,0.8760932311093321,m
512a6632-8af5-4700-a088-daa9df8f4b85,0.09243729038172864,f
518747bc-bf09-4ba4-9aed-51f1fd6b107c,0.9595450438990654,m
519f4904-dce6-42ed-a6cf-0723e3b8da2f,0.9046521185348466,m
523ee119-e30e-45f3-a996-fe49f4518b18,0.10552018560505079,f
526813ac-16c7-4a01-8290-846190a427fa,0.9368281586203744,m
527fb912-b213-4656-b8bb-be98a07ecb00,0.16592049146248378,f
5289fe9c-ea84-4ef6-b355-a3a350dd43d1,0.2094305642493682,f
52bbf5c0-544b-490c-85ed-31dcdfb6ed67,0.36673817631763306,f
52d48415-803c-4f9a-b41f-fa228bc9d19c,0.11968864681972866,f
5330ce3b-dab3-49bf-a5a5-420c21fb560b,0.8263623675103207,m
533a7295-0add-4f1e-b4da-8870bf2e2acc,0.02918160725277189,f
533bdf81-e7ee-4546-9e7e-1727759b29a7,0.2458376174016656,f
5340420d-2965-47c2-aeec-a9094a6034ed,0.9794992087480555,m
5364b7f6-9228-49b8-83a1-aaa54b01b00a,0.0412836903464629,f
53665bbe-06d3-4ba9-88e7-77566203d4f1,0.8310905249476844,m
53673192-3562-4eca-a338-db5c205f3dd4,0.2061919598269823,f
53ad1b92-bedd-4736-9446-044f804513f7,0.14370783530860748,f
53bf63be-9eac-4e4d-b52b-e85ffa2c49ec,0.22622971774992792,f
53ed6eb2-7b7f-4429-9211-a7eddadcffc3,0.25499939918184994,f
53fa083f-87e3-48d7-9bce-6cd19f8be9d8,0.354112557478403,f
5408c0e4-044e-450c-980a-2ce642e60cb7,0.9201079372874872,m
54169a47-4101-49c7-8043-42bde722cd81,0.04553554231796263,f
542c4081-651f-420f-bf2a-0eb463246c63,0.3070110589267954,f
545b245c-3fa7-414d-a4b4-4c0b7cb2a9d5,0.17677785546350536,f
547ac031-3776-4f0b-84c8-cab1ff339648,0.037736602223975076,f
54ad22a9-be0c-4b6f-a453-5bf961f46089,0.3405407794166108,f
54b889d8-ca17-4880-9064-ff42784bda2e,0.7843227166121814,m
54e8aba7-4a01-419d-b032-21643850f5e0,0.0911278309565511,f
54feb44c-dec0-4b74-a7d6-e5fc62e28fc7,0.33143456603953503,f
5511e45d-1de6-46dc-8921-76b7a6063d23,0.1728776863794784,f
551ddc7b-dff4-4bd2-a43b-2977454a9654,0.1784642978303702,f
553f0b63-3f8b-4948-9e69-d7c045447a5c,0.24659078025568412,f
55664afc-2b02-451b-b1f5-c8de3f197846,0.2946696322545005,f
556f97e4-875f-4cdd-aaf1-b07f7f037a49,0.8853814428175847,m
5576f5d4-328d-462b-8330-4fcc73d9505f,0.07304557006015909,f
557bacc1-137d-46fb-ab46-888a541bcff1,0.06464750794594577,f
557fb3c6-d16a-4005-9e5e-fedf36fcecc8,0.7245509906729127,m
55875421-7c69-429c-9e77-ab63c03504e7,0.9486624940378295,m
559823bb-0280-4730-adab-3c27f9c98b42,0.8276440605925348,m
559eca84-825b-4183-8f87-806790aad720,0.9740302552104926,m
55ab56bc-465f-47cf-a361-0c3083d77ed1,0.8489964635430192,m
5620112e-bed1-4aa6-92d5-02476e84b85a,0.15912733608727234,f
563ab0b2-86cf-48f0-9f03-795459ce220b,0.11682551442123101,f
564be594-4b5d-4700-b56f-e9ecb513a47b,0.24698286128267613,f
56553057-d787-4cff-b1ae-7417becfa72f,0.12485206516468411,f
5676e296-1f2b-481c-88f9-df780625136a,0.8369437923698472,m
567c1105-53a0-46e7-99b5-f0e6c85e57c4,0.28255803339249996,f
56bc7f19-ebaf-4293-945c-3e7a8f6d77e4,0.10378497691678006,f
56f6149c-1e0d-4d97-81d5-d1681d5af392,0.9170059735844237,m
56f74952-519f-481f-85b0-a0ec05cc3e62,0.07836066978841878,f
56fbde0a-dafe-431a-ad2c-a6eff161daac,0.13105849881504902,f
57569b77-7d0f-474d-ad9d-53def0a527d9,0.16543356800222045,f
578cca90-ed24-4c6f-8ff1-f289ac115869,0.1017121866948223,f
57aa779d-dcc7-4d2e-a895-da5a4543d247,0.058218227340821146,f
582d602d-04f0-4a94-97aa-ea44c5809b51,0.29618386937618174,f
58fbcde6-a64f-4ac6-967e-f13598d79064,0.8905621521653403,m
5980c62e-9f73-4ca1-a4f4-990991667753,0.4128655031996547,f
59bd795e-e838-47ee-93fd-03212c0936d7,0.360984849491903,f
59d48c63-684a-471d-8f6b-b74d804a681e,0.1613715474760087,f
5a1d6b4b-e5d6-4804-a510-e3cbd9a71e81,0.8896163169273853,m
5a37ed24-8635-4bae-adbb-321fc9ad6b2f,0.9520728037781746,m
5a3baa2f-6490-4293-ba30-d97e1bec8494,0.24882256706978112,f
5a7a1e3e-3a69-4d1d-acf7-478ddb4db90e,0.21881355944797864,f
5ab7dc82-b944-40cc-a55f-0338de48a710,0.034505098503870395,f
5accec64-55a4-43dc-9d90-d99645ba5f81,0.1899716449415679,f
5b568d4a-2f4e-46b2-971e-bce62b00d562,0.9660875703543946,m
5b9af14c-95e6-42eb-807c-bfe61f0b9246,0.12185649988180448,f
5bebf577-a9ac-4828-9c79-954e913d27a8,0.21291542929753932,f
5c49a605-8e5d-4be9-b0a4-736ea24bc3b8,0.28388391830807197,f
5c643344-86bb-452b-bb2d-44d48c2d1c44,0.15334581709178216,f
5c8afb1e-004a-45d0-811d-6e86cef28032,0.19265323791997518,f
5c8f9703-ce79-4988-b913-bed33231fc8d,0.7949587207768852,m
5cb43593-5823-4a7c-ba7d-427f07dad4e8,0.22623131735698138,f
5cb4d8ff-f358-4c38-9103-a7d2bf6195b9,0.07603432354653607,f
5cda7adb-56ac-4dfe-b422-da535288e801,0.08490282112426739,f
5d3f7ccb-feb7-41a6-9463-6146052072e9,0.13145503834517397,f
5d5c956c-1844-4de4-9b6b-76a4ecb95625,0.19387598902199232,f
5dc814aa-9915-4eea-9444-899fe9dbef5e,0.25050292573283167,f
5ddcd342-3e87-4526-ad4e-ca0a96bba02f,0.17460144692084034,f
5de5785e-c367-432f-9937-73ec81176298,0.6346460558020094,m
5df3383f-691f-42f6-b40e-1fdd7742298c,0.9782928170216,m
5e011426-7de2-4223-ac0f-0f7b6c8da91a,0.1803986772585141,f
5e3af6d0-730e-4fc4-b36d-a0a1ecf45e21,0.26365120660767566,f
5e46e70d-a21f-4005-9a41-2c7a3fa200da,0.28631086328161337,f
5e9f8a29-1dca-415e-9f24-4fddbe7869c3,0.8710518068408347,m
5f09fcf3-ad3e-4982-a85e-c6c6c52d318d,0.19344691459926466,f
5f335af9-1c98-404f-acae-353a420f1a57,0.7842857331163141,m
5f49b703-bde2-448e-9e31-cf0d8e6f2f4b,0.33164216234811417,f
5f55372b-633f-4021-87e4-67f8ac490956,0.2216572114731276,f
5f5ac1f2-b009-423b-bf11-1333a65f4619,0.8145557019737029,m
5fb21f98-d7da-4b7c-9cc9-684505a5a3c0,0.10204584018597426,f
5ff4ae33-8180-4c74-ba54-2b67d1625cf0,0.08418978184938262,f
602e84f0-c2a6-4f69-a919-4c31abbd1488,0.17522885613966618,f
602e896b-dfde-4460-8000-bd72f226356b,0.25289209448440214,f
60384eaf-36de-4e7d-9f73-b6924cf4a657,0.8106668455333707,m
605aa9f9-708e-4161-a760-12041ab3c6dc,0.9833884427386803,m
60af3ebf-9fe0-41b0-aebc-fa1e3087f945,0.12252650060937303,f
60fd01be-64e0-4e99-9045-2804577aca47,0.20610779098522036,f
61f78e37-c273-45ee-8224-e71e48397f25,0.7301176223122644,m
62251559-bbc8-4c48-b0ce-b90d80842b53,0.8527067084476764,m
62265808-0577-4a5f-a0b7-812eae8a256b,0.3409823763340942,f
626cdb6f-8c38-4b8b-9145-de26ef362fe8,0.11326893312906168,f
62c41831-8d71-4f9c-bf1d-73683d486254,0.9374375254260019,m
62cc4215-388c-4b66-93c8-7fab5f62e213,0.11596406109062933,f
62d275ef-2ab6-446d-af41-64d60962eed6,0.7728554436032331,m
62ee2707-f143-44f2-8e4e-022cdb19ec38,0.8083943279529267,m
632dfa6d-4182-4f74-b7c6-5c242b1ac52d,0.6989633385247211,m
6351b5c9-2ef3-431b-a67a-9cb3e3ab9851,0.10940755749109134,f
6371afa9-024b-49ae-99bb-2addb29ef28f,0.7686799266064166,m
638ac7df-4ac3-4b57-9167-24593232fa84,0.6922597867485952,m
6395b21b-a4f5-4aef-973d-5bffbd12ca96,0.20275782827041847,f
63a9a232-abdb-4e9c-8414-d3268a01b442,0.1495875957321579,f
63c47299-e713-46a1-b9a4-44ebb006d778,0.12280838797487796,f
63cbc073-f141-4621-b1e3-fec26e642f59,0.23601258973449052,f
63d797c5-d90d-462f-a0ca-e0895fb4a122,0.14527321351414088,f
63ee7891-5541-4338-87ba-ec6137874437,0.03433292786400782,f
63f45c8e-6b0f-45de-b1fd-b7b3d7ae9b89,0.21729099754567952,f
6428acce-7bf0-4d7f-83fc-053d5bb0abaa,0.06723719647148686,f
64828486-c6f0-44a7-ad64-1c3b9f7cbe6c,0.12420668668182977,f
64a922a6-a5cc-4998-9b0b-554be0d7d6fb,0.8956971905834248,m
6522582d-4602-4165-8b7f-004fb17e89a5,0.275440602470539,f
6552406d-40c7-4d2f-b716-bb16de50baaa,0.05994550469263737,f
658792bb-94c6-4354-8525-e187660ef790,0.8078714825271018,m
65ac333b-e7ea-4349-87cf-54d6e1a72658,0.9396219284459499,m
6631d028-ec4d-40de-950d-33787b1cd198,0.8959608838417898,m
6632bd94-8f8d-4b05-a6d7-a9bb7a74747b,0.1770209670192563,f
6659eb55-89a9-4ed4-9742-93639f3e5f9b,0.7283723128931022,m
667823b3-fc97-44be-a7cd-2ab02ec303ff,0.24050037591387788,f
66b95661-dcda-402b-b176-4d9b754583d9,0.13411981369852885,f
66baf607-31d0-4641-9166-e51646ed1944,0.12583733399412542,f
6735d50d-0ecb-4add-b9e1-1ad977621d80,0.19601226337035005,f
67468604-b2f1-4b52-9a1c-07b2f8d85794,0.834696243545751,m
679cddea-9cd0-44d5-bef8-7998ddc870eb,0.2947395104942747,f
67b30e5e-9a25-4d57-9da8-beaab975a4b3,0.9039065183149347,m
68003fbb-8126-47ab-8f11-0c36afadb01c,0.2800754397325868,f
683aa00b-e088-499d-85f0-08f154525860,0.16139268292608783,f
686f2537-9350-4f50-8db7-b9617ef73aa6,0.636057028930026,m
68a14eaa-6fef-4274-a80b-5c99446f0cd7,0.17053975480438543,f
68dbd7c1-416e-43af-ba8e-400e4fa1c3f0,0.16331156353196472,f
69141100-d458-4dc2-97c0-c6bb18d7c7f9,0.9164795682588952,m
6928c248-26c6-4da1-87b5-12a317432127,0.37787688454811535,f
6957f97a-c1f4-4875-95fa-52786d23d438,0.15716812125036544,f
697814d1-473d-4d54-b3d2-05de6ea16035,0.8861262056018444,m
69926416-b3c5-473a-98ea-e429f4bd9be2,0.807828554301638,m
6a03780b-3bd4-429a-bf8c-ee3d17994ac6,0.16867934208991547,f
6a1b28b7-f194-49d1-808e-d3f3972eb5b9,0.25923827950695777,f
6a3d5e3f-ce5d-4a7d-975b-b3c2d830e0ea,0.27184502172628194,f
6a7591ea-a8de-4a41-a731-816344e531fc,0.04351347200910079,f
6a988d24-db9e-4bc7-8df9-5bb12f822e85,0.1984928978086956,f
6ab978fd-5740-40bc-bc73-d7f43049365a,0.013545909871774526,f
6abd71e4-c0c7-4a4b-8f44-3a8de17f20af,0.19469351597522266,f
6af72a62-9212-4ce2-a18d-bd8ad217ae9f,0.2580629487208359,f
6afa02c3-f0f3-444f-aad9-2f1ea1c098f5,0.24574700561060356,f
6b06d303-cb90-48be-b66a-718321bc17f9,0.03147306328244784,f
6b6f138a-b70b-4691-8ee4-79bab374e428,0.2662331634021387,f
6b85ab58-9c4d-4cf3-94fd-2d5034aa6ec8,0.04712800495962136,f
6b87dab6-22c0-4f8c-933e-1c35508b482f,0.07173499828278793,f
6ba1ff12-1313-4448-997d-a5d9997cfb03,0.18931492386665663,f
6ba225dd-41f8-4332-a68c-6742f1097ce2,0.9237381530333592,m
6c2a3314-d80e-43b1-badd-64e2b06ad48c,0.21369574637225242,f
6c3795b4-2dd5-4ee2-bfca-7633295d8de7,0.10999807326051024,f
6c449b34-3cc2-4f21-9de8-09fbd67bb174,0.06064559014471941,f
6c4ae1dc-b1b5-4659-ae85-728173da33b9,0.8680939349041435,m
6c87a0ac-9d04-4b4b-968b-d6fbfc8755cf,0.7199419035046688,m
6c923c15-2f83-4779-aa66-6450434e1c67,0.9487496029996224,m
6ccc302b-db67-4bb8-93ed-f5f8834d25af,0.5554857755114812,m
6d48bcba-30b9-45d2-b03c-16aca184846d,0.18291801106480987,f
6d710af3-e4f2-42e1-ad29-41da793ab6c6,0.09412055163889826,f
6d903e81-5288-4672-8f72-18f91207b666,0.1198365422906436,f
6da369bb-0c79-437a-8209-bc9f286f48aa,0.276357849149509,f
6da38a4b-836d-4604-aa5b-4cb96ccf6061,0.6943587213205418,m
6db56c67-8e4e-4c6e-88ad-4e9e0fa603a0,0.8625646650596533,m
6ddf9e85-6a1c-4986-9646-5e182bc98277,0.9668952038442894,m
6de204eb-d994-470e-a625-8d59578284c5,0.8398218936104943,m
6e2f89c1-1812-4df7-9880-6f13a7a84306,0.1837813890911157,f
6e50cfeb-5758-4c33-a3d4-29d246557b1b,0.9681625566071954,m
6e531f07-4063-4ea6-b582-5718f498c64c,0.9385345007275284,m
6e838e2f-aaed-49ea-8d20-5e9bb5256790,0.21896468326102478,f
6e92ab5b-971b-4759-bb99-a6f9874714a7,0.15099005851126304,f
6eaa66d7-2e8b-4c48-b1a1-f664ba6f1c94,0.1683119318180061,f
6eec059e-0464-4c08-9f97-1a13f68f00b6,0.6692690749727752,m
6ef83e53-41bc-478e-b5e8-a35bc0143753,0.20931400152708377,f
6eff812b-50c4-49bc-94d0-4bcb7d204f91,0.7014666206338361,m
6f0e4abc-bebf-4d8b-8a96-5f2f1811a3f9,0.13702673663875145,f
6f74c592-2054-4b18-ac42-632bdb7ebae1,0.15221421360679427,f
6f8802f2-3a50-4c46-bea8-f9a531639a2b,0.06791052027000517,f
6fb69648-376d-4ef4-8f75-dd81ab27640b,0.19083144454291084,f
6ffa0053-b071-45a4-942e-0490382c5cee,0.8257488544110141,m
70193cec-089f-448f-a0b0-4a90294b2f2c,0.06278031152618843,f
7019bf24-b8db-46bb-ba85-5a68afff422a,0.021288297069636287,f
703cc3cb-6fb7-4239-8aec-60545c3c67ac,0.8325461471825323,m
7073f4e6-6787-4f51-aa9f-ea996d38559d,0.21914913793840463,f
70f78b4d-d92f-4bbe-ab39-c9fe3ba42abd,0.1605698286007441,f
718c417e-82e2-40e1-ba2e-ed49baebe438,0.707140816193188,m
71bacb33-db50-41ff-9d90-f3cd3f34ce46,0.22665492641350535,f
71ebe842-5d31-428b-b997-5880b1ec64c4,0.08486809144668297,f
71f7e163-beb5-4d45-8816-c01235f16c32,0.8015946640278143,m
7216e455-5804-4149-8c81-dec35d5dc2e7,0.2471365416029456,f
72a88aee-a6b9-4350-b0f1-e1cad692f3b3,0.8850104341876182,m
72cb5bd9-ef57-4898-b65b-fb43e01f0d99,0.14771936683479667,f
72ce0f92-1b8d-48d2-91ca-fe13fc881fcc,0.07167626917965253,f
72d2b2f3-80e0-4001-875d-1d4b9f9b5040,0.203318984372362,f
72ef0e64-5a77-43b4-be80-861f3bfd24d3,0.9173772366072808,m
73164e61-6c4d-45a9-a5ed-9896e44303cb,0.9257749925875467,m
74dbe805-bef2-4e44-8f86-e58e8d09fbee,0.8452910723020969,m
75054e20-a6c0-49e7-8d31-57557c9e0480,0.08987064666764283,f
75182fc4-89f9-43b0-a094-dae182d2384a,0.19995208503183612,f
75a6e7fd-c5eb-467f-bf86-369a1087edcd,0.22888861578795286,f
75bfd24d-dd67-47dc-b277-33a5df102373,0.14664242271636627,f
76525302-cb2a-402e-9b5f-5ede4d0cd324,0.8296088617944616,m
76560b66-f310-4fae-9ca3-8ae889404b2f,0.29261840400159334,f
76633975-f7d3-4dea-88cf-b570c4deb0ca,0.19406083176284436,f
76b65ba3-882a-4611-8758-12371e327ad2,0.9428421213251146,m
76beded6-aa0a-4f3d-85d1-9b7d6cf12d96,0.008567343935713758,f
76f2cb4d-d093-4849-b2a6-0b28286fdef7,0.23025352834607873,f
76f53940-e295-467b-a107-0e71ded17f1f,0.07818694326077304,f
77049d76-7f78-41b0-adca-61195f137b53,0.09704097761133855,f
774ce712-e821-41c2-8f24-60e338d12a92,0.08700901159746244,f
7750913a-9803-45b3-9cb0-f3ce36d5ed38,0.2446763622236743,f
777812cd-b454-48c0-8479-35b499da65ae,0.12850463819626368,f
77860fa8-94d1-4cc7-ab19-b2a92fc7ab45,0.16365738089994888,f
77b8fa2b-34a8-4cb2-8a5b-3e2529fba234,0.7924309459089831,m
77ced4fa-b022-49a8-ab2e-00d6b5f16c50,0.6951057984820096,m
7854cf97-5796-4584-9c6b-d62ebaa7b4c0,0.6164619845148896,m
78a3e481-379c-4917-8af6-0889607ed3fd,0.1784583523143951,f
78b5f4e2-9107-4e84-931a-44fdfd11b0d9,0.27243411210990914,f
78e620db-69ca-4ee4-92fb-7353fa0f1078,0.09185991886451092,f
79048970-0162-467f-9785-24d3fc4d0630,0.6978364844933209,m
79265e5f-136b-4daf-b193-68bb9b0e3c68,0.23849927343760544,f
7935d84e-2b3b-400c-a079-747c2f9426d6,0.012784628062762779,f
795802d6-e704-4764-aaf1-12f97ea263a8,0.07476063023399583,f
797bb820-546d-4a63-a2c4-f7ab9b0781e5,0.3646058684781044,f
797eedaf-ab23-49f0-9802-91c08b379522,0.284991451460273,f
79b09171-ed56-42a8-9c45-6ed52db4f920,0.2877267179196753,f
79b264ce-4ffc-42e8-88e6-04dd3cbb6cf2,0.3431734911243474,f
79cbc995-1658-44c9-b923-14476bc07447,0.20709565640883032,f
79e9a4b5-6ca3-414f-a76f-50d0bde17684,0.813190294010356,m
79ffe1b4-4e3f-4f9e-89ae-8cb4881dbf04,0.18969937834338102,f
7a144398-12a0-451d-be9f-86f15dcf5237,0.09496550955032675,f
7b5b6d0a-eaaf-4209-8da1-b960dc9a13be,0.15076508512361764,f
7ba386cb-f768-402f-999c-2482768ae87d,0.16572653514346253,f
7c18a9d4-2439-4ba6-b5c0-78bc2f17b658,0.7899066374099154,m
7c26b16f-36f2-4272-a2b6-0696b01b3434,0.688141096663378,m
7c2d1f82-c566-48e9-9131-8e0fa4d84b49,0.1347771488319058,f
7c334e3b-2625-4591-8b94-241e2aad090d,0.20192746127222766,f
7c3e14e1-135b-4d44-877f-1c1592e456d4,0.24068360372913195,f
7c500aa9-16a8-4e0c-852f-50f1d28f0bc3,0.14631564453917548,f
7c68ffa5-2646-4738-9b12-5ebc00d9209c,0.11762508132497494,f
7c720c7c-c50c-4687-965b-2aeeead45369,0.19804982254312306,f
7cb86a51-203d-4794-b4ba-9b80b6934432,0.7636779787840386,m
7cd52f2e-15e2-44a7-9691-86ef1dfc267b,0.0925454912424875,f
7d7dc304-e004-4436-8281-49aba4f72643,0.1515862851597643,f
7d8d4f6f-37f5-41de-acfc-b12d0e6ce0e7,0.21830867199605322,f
7d904ff4-16ce-4155-83cb-799bc2a36101,0.05424396091220454,f
7d9ee731-3e03-494a-9b3a-fb06b461d10c,0.1885339750750772,f
7deea0aa-13d8-462e-8c27-392d6864b149,0.2412793071806978,f
7e165e6d-939f-4fa8-a320-2dec9e78c231,0.21954289316542205,f
7e4a6863-376c-4c7d-bd5d-c5cadca8d30a,0.7308891524763076,m
7e6353c8-4b83-4be4-9ea1-0a9a20fed205,0.12880732014199886,f
7e65a152-43f2-434d-a88f-6ae4aa9d5907,0.46079548666013714,f
7e8b50d7-4019-4212-93da-25970f96f3e5,0.18537893364903493,f
7eaf7308-db2d-45fe-b327-6b789ee240f2,0.8147002484520828,m
7ebf05ac-5a61-4c29-aad5-3cfce25f7e45,0.0580656543080328,f
7ecd179b-f0f6-4838-a4b0-ee8aac27ad07,0.1787838348311182,f
7efdd85a-eda8-4721-9237-ef7f2f6bb04e,0.25237968112143766,f
7f070309-e932-46e0-8cf7-7e67287be105,0.7761174465889398,m
7f1f2c1f-c870-4081-b61e-f95dcc564b51,0.8363715200923703,m
7f2a414c-6d3a-497f-8eb5-ceb4465a9fde,0.9566102731526309,m
7f916975-75c9-4198-9475-2c0ba1111c08,0.21082905855719036,f
7fd99b59-28b8-4168-8efd-12bee2c0f6b5,0.15635124716313972,f
7fe09495-7306-49d5-a3b5-776b0bab83fb,0.12244317973195855,f
7fe3ff20-04d8-4ce1-a410-06e0b208144b,0.8395441227099973,m
7feab57b-87d2-4cb1-a392-18fc55911aa7,0.3780067674066732,f
80309770-e4a2-4156-ae02-f57840a750fa,0.12894679007071508,f
80329fbb-1eb7-4ae5-a014-f6bf6675bf4c,0.8035311295706333,m
80889d09-56cb-496a-a196-c953cdf15e5c,0.05264470955126011,f
808fcbcd-60fe-472f-a4d5-cc51e4ac0d92,0.8551715749508099,m
8096e920-3231-48b5-a9f3-fae0f0c05d2a,0.2259250206364397,f
80be57d8-7f0a-403c-9315-7171abf1a374,0.2037309742941138,f
80e44f3d-4519-49fd-bc5b-9c3300e4b53f,0.6801146619679147,m
810c4f00-0815-4de5-b170-aae61c5d0604,0.06686858229282219,f
8133fe16-6139-40f3-a588-fcb0e4778220,0.10489797000647293,f
8146cf98-c262-434d-b204-1b456e522e24,0.05450899390039079,f
81a3facd-badd-48f9-a22d-99f7e25e5dc0,0.008785173193660395,f
81b09aa0-ac39-4b68-ad01-214a8e0c5e56,0.3123587724175532,f
81cb13f3-12b2-415e-912e-46879f33a325,0.2861786881299649,f
82029009-96e9-452a-913d-be2454c4da24,0.15913811405072695,f
8255c7c2-9bc7-479c-ae0a-b2f486285ebf,0.22211921922303493,f
8258dd04-e47b-47e2-aeb6-68b996399586,0.08935919296250529,f
82a1d110-43b2-48aa-91c9-56a7ac3721ed,0.26380131522003614,f
82a75ca2-eca6-4403-86fe-ff22507253b2,0.2228238525014321,f
82d6f10a-5fbf-4f74-8fce-5762c14a701a,0.6734314362516204,m
82fba8f2-617f-4f1b-89a7-00d2dd24a5bb,0.15589594810067586,f
8325cffe-f8bb-41c5-873b-d1af7da3e3a1,0.11408681926445652,f
8330a39b-0f57-4e3d-b3d1-768de749d34e,0.8017301413914663,m
83505b10-f354-44dc-ac0f-f6b304005de8,0.26083277032778196,f
83728e91-c387-4276-8252-58ec6cfb7a55,0.13504318130066623,f
838b5388-99a8-4761-8ac4-b93b5e7eb2b7,0.03225465929604695,f
8390cc78-f5d1-4844-8a5e-cc96a334c784,0.39065561126451126,f
83967d67-44d0-4a93-81a7-ba931b548fa1,0.12362594057080958,f
83c30b31-dd8f-4b66-9a29-97e6689c3439,0.20439192051392865,f
83cf735b-5ba1-4aa0-9413-a3e89d8c0892,0.2465595559980793,f
83e4b61d-4cc6-452d-8b8c-68e4125b6077,0.5720557660505667,m
840fa151-5042-45b4-931f-7acb6634b6c6,0.16077289135975567,f
848c9694-6e4e-4103-8196-c01db7eef80c,0.8949385464963717,m
84c6651a-b4f7-49e7-b9c8-08ffc0e28edb,0.19758168278095722,f
8508601d-73ee-4ab6-ac41-4665005c07d9,0.08250468367897261,f
857c45b7-01b2-46cb-9a75-5bb7287d3169,0.27417270234147467,f
85d6c6ed-6ee1-46f8-8301-5964a06b5f0f,0.03879106267503511,f
8601b948-87ab-456a-b60a-3843bb54b01b,0.15894819350101375,f
863b91e5-7769-4c79-a521-7b53b2580bf0,0.12647550985454825,f
86455b3e-0522-4f0b-8c43-497821a1872a,0.8246878449091645,m
8653918f-6d66-49ff-8039-1cd0eecd266e,0.1386751747220962,f
86724ff3-f27a-416a-a321-9971ef13d028,0.0978596770056137,f
867b5b3e-e9d3-409b-8cbb-cac18ccd59e9,0.06495591458330159,f
869f5604-50bc-4c1d-8b33-975c6eb89929,0.02520355082714592,f
86d1628b-f56b-42b4-9af9-4e00c66056c6,0.3329343107852823,f
86d8cf64-6013-434f-ae1c-df0c45b4367a,0.0880800836489791,f
871381cf-d52a-40c6-8e1e-a92d78a37386,0.9108207786009507,m
8736929c-918e-45ec-bc06-b8c95b448bad,0.7859679004273271,m
874963ad-6722-49b8-8f87-4eb65a80cfd1,0.7946826512430825,m
88252964-cdc6-4fd0-9073-8f0d5e5855fc,0.1581220501711461,f
8834e85b-0c69-4190-975e-abb8086343dc,0.29865928824530524,f
88850c92-119a-41e1-86aa-cc77d7a636d2,0.2945845031863301,f
892eca9d-015c-420f-b048-736bd8f1f41e,0.6966813071296925,m
897d05a0-84c7-433f-b8cc-0fcd831dce15,0.21936206011268722,f
8988a033-154b-40d5-9fbe-7dfb3bf7c8eb,0.26217525931756486,f
898d4866-6f9b-4651-9ddd-c7e8bb2a6a89,0.10830234056414047,f
89ae753b-2ee4-4208-94fd-bffcb81d1e48,0.23268890799403993,f
89e0dc22-f3a1-40ca-b571-c7a9265a3e07,0.3290695357074797,f
8a8dd3ca-e33d-490a-ba92-b07dbcda53b3,0.037505032983858655,f
8af64e19-5bcd-4ee6-b78e-6cd1a8f357fa,0.1430521907279355,f
8b0406b6-5cc7-4b64-a3d7-27100c8aa0bd,0.3107556403845044,f
8b1a93c9-c0d0-44c6-84b4-2111c37827ea,0.08236243070003123,f
8b39c460-15e5-48b6-b2af-ddbabdfe8714,0.1655836975435048,f
8b557033-b6e6-4cd2-bb35-12ed0507f224,0.034066399422190016,f
8be52837-efba-4847-afb2-b816fe70b4b6,0.881262327632812,m
8c19b6b4-c445-4db0-8ea6-ca0f921f97a2,0.08403248220688657,f
8c5298a6-ff4c-45e9-bf91-4b860dc70dc4,0.8973848570899912,m
8c872a3d-88e4-4f17-b98e-a13b9bd24cf8,0.6786084669324378,m
8cc05411-6c57-4bed-bda8-df236ea53ae0,0.9083362270191826,m
8ce4b76a-80d4-431e-a735-9b5e6f03f229,0.3105307714863219,f
8d0a2bc0-6ba2-4761-b210-c621030e343c,0.7727612642069278,m
8d80645a-70b4-4a51-8a33-01988ac489dd,0.8461844499261569,m
8dfa47f4-bb7d-49bb-9330-94497a95c191,0.1695084918773348,f
8e227662-6619-4493-95ae-0c142a8d0071,0.22695726581211656,f
8e727bfd-eca0-4b86-a0ad-c1749001ee03,0.17606788496584674,f
8e9209f1-f3fe-4b4d-a493-23b64fb08b1a,0.0894753464582882,f
8e983bea-9c7c-4c3b-8253-bc8cf6ac5894,0.7327127805400183,m
8ea8c2cc-5297-4d47-8098-24578921256e,0.7967905740716942,m
8eac1259-3493-4897-aa9c-0dd862c5d17e,0.651805500161148,m
8f407c62-038e-4ed6-a57c-67aa5af44e4b,0.1554306625160582,f
8fbc5e24-8c29-4e3e-adca-338e14445166,0.10104806565586343,f
8fcc0599-41e9-42b1-9c58-1e2d635b2a30,0.2118085238299597,f
8fe3d9a7-972d-4b5f-b863-e32333febe34,0.028787791588175352,f
8feac848-a0f2-4534-b4ca-32ed29bb186f,0.10330896002549474,f
902507ae-cac5-4bf7-8fe2-c196b1540d63,0.10738245313841624,f
9072d073-9390-4d66-9d9b-71817df0833f,0.2972496529500811,f
909c17cd-b95e-465e-acf9-06fe4e1d9704,0.10547804275289138,f
90bde35f-951b-4549-8bd7-e58f0bd24f40,0.11797786914370563,f
90f04f20-a1c9-49dc-9cf0-95a28d493ca3,0.27827390198789353,f
9127503e-a6b2-49dc-b1a3-496df2dd9171,0.8368633212121356,m
912df073-5fe6-4e5a-a8cb-bad5d753e86b,0.10848120139339744,f
919234e1-c3e5-4c3f-a38e-0e3fdcf0dc82,0.3137624640016807,f
91d103b3-6a94-47ff-8c28-77aa32bb0fcc,0.21687397852371518,f
91f495d7-0299-4c7f-b3b6-b3295685d0c7,0.001272514452327861,f
924d4cc2-144f-4afe-8b08-ac5c74af9e9c,0.07940589860824807,f
92520d4c-3fe2-44c7-9491-7e616c170520,0.3360690443533616,f
92699f8d-5428-44e9-9ca2-970a4f4c43a9,0.041967695075131074,f
92933afc-9773-4e05-a6b1-0c0d743b7d2e,0.1795077787449229,f
92cdabc2-1121-41fe-b399-d299ad1075ee,0.34193919105200765,f
92ff4fd6-f5b9-4688-86fa-43268c1b3323,0.9454591324885198,m
9305e8ee-d95d-4465-bea8-8f72ff2510b4,0.7551137772853402,m
9347f4a6-313b-4b62-b27c-9f74e7d7acbc,0.7003871836966282,m
935691b9-5751-4d52-a9ba-b100543ae45e,0.23620089081016155,f
93605e86-d0a2-4431-92c7-3c44a0804b43,0.31598280819854985,f
9361486e-bcbe-4fd2-989a-e68b3d9c5380,0.0850458257820218,f
938ba493-c019-47c9-9e6a-ae40a53ceb7d,0.091367863336808,f
93b3225c-cab3-470e-88b7-ed31987f2e24,0.8249925414179906,m
93c85cf9-cadb-4642-9a67-b9fcfe0fb28f,0.2216003089947979,f
93d829ea-2b76-4b4c-a683-ae609f231ef7,0.11212966882222954,f
940f91ed-a8dd-4fd2-b056-a1e590761e0e,0.2375062055907223,f
94501958-45cc-47d2-bd46-c4459df0c0f1,0.8775529708619755,m
94683d78-8549-4111-a36b-56d4d6963bda,0.2438064669872082,f
94749b26-b0a4-4763-b960-4ee91beba06e,0.17475230421273372,f
94871125-afe5-4933-b069-af2e53a7a1a0,0.1347839675305838,f
94af7776-044c-40cf-b3a4-08091cee33fa,0.9260925410185017,m
94b6f9e4-dc6d-42c4-8882-b11483fef918,0.3618256136221693,f
94ed4530-5974-47f1-9ead-8d807174ad18,0.1853320355084971,f
951cca86-989f-405a-85d4-6a4c0e308937,0.11010936691290386,f
951dad4b-761c-440c-8cd1-48484035943a,0.1468135057259575,f
95512d3d-9b99-45bd-b893-bd4009cb1128,0.0767243513435884,f
95719cca-cb0d-4959-851a-446da4390db2,0.1849083337559522,f
95721841-a3d3-4425-9061-fdb59c659835,0.6712904056234916,m
957db9d9-7a9f-447c-80e9-290e2a9b13d7,0.22695187465014585,f
9581e6fa-55ea-46dc-8f96-0385990c795f,0.2035919098371971,f
959ebdbb-825a-447a-b410-cb36adaaace4,0.16345248256617875,f
95a46543-0006-46a8-9216-64091511abda,0.23134025920101492,f
95aba1a3-6465-492e-a073-512ab28ebde8,0.1776310193321871,f
95e83b24-37b6-49b1-9ff7-496ea5ad70f6,0.13912346180657356,f
95f97095-3962-43e2-b910-3cdc0b5550a5,0.24154112229636499,f
95fcc9ae-8876-4869-a7ed-96b3b37cbd04,0.8185451524717241,m
961f9074-c4a9-4379-a3c7-624c760d1747,0.9339842160026038,m
9622df18-e628-4e82-845f-e26db9999a08,0.8623409615541674,m
962440ae-972f-4206-b3b5-018e766ed703,0.9106391681541968,m
964261c9-881f-4b30-b5d8-6b07504db598,0.2634010015502212,f
969c7646-beb9-4f5f-8af2-149d53aaf9fb,0.9337652854693244,m
96d41562-93b1-4904-875e-c82ee21d5f20,0.18616932574522557,f
96df93be-a5c6-4965-b0bb-2d46337f7e1c,0.15898812660918094,f
96f332ae-f294-4a86-86a9-d59cc25b7628,0.11229929959021115,f
97d76c38-aba0-4a25-ad30-e96fc0211ea6,0.18776904092005933,f
97ef3fb6-d463-4f55-aa9a-e17a86c07cb3,0.26119911396104684,f
99718613-24c9-431e-8cec-a90ead50bfaa,0.21025511038754005,f
998ae4aa-37dc-4e60-be5a-a601d26d1de5,0.2510037842867206,f
9a5cff46-dabf-4a8a-86d5-f44e00c4e78e,0.3114690270273783,f
9a6d51c2-2816-4c1d-a2e1-34533e9bf367,0.12684429586432677,f
9a9920c8-d289-4010-a4aa-97b2a5351287,0.1845724755499531,f
9a993eaa-43ad-4449-b1f9-c0dbcf3c720b,0.061958877627421936,f
9ac7f28f-7009-44e2-addb-77ad19097cb9,0.8488911781065309,m
9af6bf11-9850-4c48-8b13-88358fa2588e,0.20082670849078574,f
9b25007a-10fb-49d2-b7cf-cc634c2a0399,0.14460452430337173,f
9b43c612-ac26-4f20-a59b-7c12c4933ff8,0.2086165831121092,f
9b6c8211-9cb3-41fe-9054-6e94a1d26bb6,0.9393920877529037,m
9b73af28-b86b-4594-a98b-6343048783b6,0.16847060448847062,f
9b962500-375a-46e0-a697-e6e640aa338a,0.660109520900668,m
9baccc2e-7564-491c-9efe-c0457aee38ab,0.8745066268510584,m
9bfb7296-d934-4eda-99c5-105128a06d12,0.09681751519580521,f
9c7cc339-d6d5-4360-9ca7-2878bf41daba,0.1727741063767893,f
9cb55f07-513a-40ca-a29e-3bee8e5e5d5d,0.125669441748759,f
9cc09d5c-758e-49c0-9c42-e1d5d71c9ba9,0.20222843263685736,f
9d2046b1-4353-486f-b876-712e94a01ee7,0.8053941752972557,m
9d6d5f83-efd6-4e9f-9e71-943399904a28,0.23363407406344555,f
9e0a473b-783d-42ac-b245-25b0516e085f,0.18790009593827822,f
9e34d4b9-236b-4a1a-ab04-0bdba61e614f,0.7451515266078257,m
9e4544b9-63c6-48a8-b441-011522e5b937,0.7946743222394562,m
9e7341b0-b2ee-466c-a31c-12677c483554,0.1497853843834557,f
9e9bad64-70fd-41d9-8706-0d171d9fef1c,0.901595063170064,m
9ec08a5b-db6b-4675-a344-ee2e495d6205,0.5963953689674998,m
9efc3377-ccbe-4f28-965a-8e24ee2bd2dd,0.17730844790835504,f
9f5edc30-8457-49ed-8d63-0266bb7dd8ad,0.8563846857903534,m
9f5f05a3-a44f-4026-9310-f60ef44959e7,0.28221593232969244,f
9f824bb4-1dbe-44bc-a58a-17c84bb78518,0.006590892582993345,f
9f9570a3-707d-4bf4-9d10-51ae0156730e,0.7523664417490549,m
9fbe08cf-054b-4673-a11d-017409738e6e,0.18285527537134774,f
a02c7f47-fcfd-4817-95e6-4b4d498dfabd,0.1998239842269743,f
a05bbb00-de0a-4584-ade3-900c1418b705,0.9237830655352018,m
a0704ef5-cfc7-403b-af11-01b09693e0d8,0.7999674759051769,m
a072e8f1-9ce9-42e8-b1ac-a0cffd76eb20,0.8921147534150347,m
a0877dbe-8e08-450f-93e0-6f4492e4c9f9,0.5319996462403012,m
a098eebf-bfea-4635-bd93-44bd0f4459b5,0.24098347629217579,f
a1097157-0198-4873-a2b5-7f1f4d3efbc1,0.18876466913417198,f
a13022dd-2878-4823-9293-bcbedd908958,0.22159934521203783,f
a15aae86-d20a-402f-b4d0-9a268f5dab65,0.8661081310239969,m
a163980b-155b-4ed4-99c4-3ec05158bd18,0.0671722501184972,f
a1eb7516-322e-4d77-8d37-7f8a04f5d9a6,0.14639943385530738,f
a2326550-ca49-4d95-897e-5a1a6a456e23,0.32426371311721663,f
a2a4a153-f992-4286-884a-38f44284f37c,0.2507362717258604,f
a2c4b871-84cf-4563-86b0-47bcab72a43f,0.3102990898785251,f
a2cbdcf7-24aa-45e4-b225-711fd6b49caf,0.7686885836728972,m
a2daa037-9324-4248-a19e-0fffdc1f7ec2,0.20859386975267047,f
a2e01935-2604-4e5d-896d-49bd36b46b97,0.24127667750524215,f
a2e1b5a9-be69-4221-8c49-401c4be45c3b,0.1346867000976642,f
a3075caa-93fb-4f5e-940a-95935cfc570f,0.22258894053822048,f
a30f0175-cf33-4f52-ab5b-2cab764e076c,0.17548942047089608,f
a3b8d79b-7907-48ab-99e5-ecf17ed75e62,0.028562540007845517,f
a3c76d81-4eb6-4c14-95ae-b6a416b1c955,0.23249472229091603,f
a43786c0-70fa-42e4-894b-6fedbae29780,0.10085358691795532,f
a438034a-1f1b-412d-bfcb-8b236991dfdf,0.040279805596136135,f
a445d0ea-968e-4d7f-a5c3-772e7624c3de,0.6975982443895872,m
a4558b87-b8bf-4b94-b95a-62efa48d5ced,0.05503370880878416,f
a46d4146-e20d-4a38-9555-06614248d66e,0.051176366151047266,f
a494a273-9cdd-44a2-b2c0-826730a23edf,0.20283791419665168,f
a4f8e7c3-e419-496a-a7f7-f831613d3ea7,0.32255417238407674,f
a5137c43-13b4-4bf1-a969-7e46e10ba0ff,0.2131977800179443,f
a540d677-360f-468c-aa4d-918feef3bce2,0.18396362025281554,f
a5553cf7-b74c-483b-bb46-7c375596a635,0.09097695994112505,f
a56e6383-feb7-434a-a5e5-e6ce94df1379,0.13888076849506423,f
a5927311-9044-4d61-a276-5201c586110c,0.3307595785772425,f
a59fca72-909b-44c2-bfdc-b065533b89bd,0.16347937000033877,f
a5a5d756-379b-43e4-ad79-d55c0f91c1dc,0.1496283247025535,f
a5d8706e-f29e-46ee-83e4-ec8b96e820ca,0.19029032551579605,f
a6176a75-39d0-4424-bd42-24f6973f85e1,0.061409731725222585,f
a6605c64-b326-46ac-8003-90b034d740f6,0.2760902901525675,f
a66a7232-5697-4521-8a74-8fcfa0b166a6,0.10733088849658452,f
a67a09ac-f9d6-43a7-87e3-7ddd75bec1fa,0.7933361681720594,m
a6982231-b2aa-45b0-a827-0cd5a7cff765,0.041662213379574965,f
a69f9ba6-9e50-4844-93c7-6b8e1cbcfa0d,0.9979532347787511,m
a6cc4f6b-fe97-41e3-8d50-b24f6f47e02b,0.02234150685732575,f
a6f9b6e3-3b19-4972-9d20-df4876767b8b,0.17880408490816652,f
a705c807-6870-4b0d-99f2-ebb1e25d8c05,0.38932501266754027,f
a7105063-f209-44a6-a74a-1f6e6a0e8ab3,0.07311779725548904,f
a725e305-6bea-4a07-8e58-b2f4751547bd,0.20649711478211052,f
a73d563c-e2a9-425d-a6e9-b30eb929523b,0.22011935385451412,f
a75fcc7d-c9ef-406a-a3fe-6d390cf8fc48,0.08895336257884365,f
a771535b-63fd-498b-9837-37c306f91d6d,0.12700153184612215,f
a7728691-2101-4623-afea-7894818f5b15,0.2227872226927966,f
a7d6b9f1-c408-4f6a-98d1-8a51981c28d6,0.17245954285977858,f
a7e6e841-52bd-45a8-9193-660fa4fa10c3,0.09836831742205719,f
a801ee9f-44a1-4c58-9942-52d8aebd345b,0.894625903814877,m
a8202573-42ac-4ebf-a508-33728a9b628b,0.9673897857412183,m
a8363b00-1b48-4b0e-a0cc-fe1ead894d51,0.08845741278836705,f
a877adc9-4e7c-41c2-a38e-92153e51f821,0.42750304816673845,f
a88215cf-992f-4a95-8e12-6808d53a6f13,0.1779483335615769,f
a888c018-be46-439d-868a-b77e8109a265,0.06474878487821947,f
a8e50705-6920-40bb-92b5-59f062da342a,0.05059903098366809,f
a9395eb8-5bed-4122-bc4e-ed32deb153cc,0.20113681850111145,f
a9587c79-24f0-41d4-b448-e1ff618a4a6a,0.08786676684662686,f
a967a0ec-ac53-4a2e-98df-5d9072d9828c,0.13635408890661516,f
a999728c-445a-40ad-9dfd-bca1fad09193,0.7222426496614962,m
a9ae639d-9218-4c65-8514-e54065b6e57d,0.7330698172318947,m
a9fd6af0-e88d-45e7-87ff-79a3a7b0d146,0.23655223197350317,f
aa0d32b8-0ed2-4dcf-9a9e-acd77a7d4d74,0.8258042599973522,m
aa251af1-5b50-4fb6-afaa-c2b8a61d60b8,0.17779875194078254,f
aa2dd657-16c7-4cae-aa66-45f01e0a3cbb,0.12356258413729879,f
aa31dece-5368-4ed1-a4bf-4047bfbf3af8,0.10466403723286216,f
aaa3d901-626e-4a55-8197-e94b8d55b5bc,0.16724698951583908,f
aac78269-1a40-440c-a77b-52536e5db2ae,0.7819123632865725,m
aac9561e-f46b-4701-a113-bf0883e49b1a,0.0022092361249898057,f
aacdf2bb-a9ea-45fa-a319-57b48faa3a95,0.8424056691208691,m
aad01672-6515-4af4-8399-1c14d122a6a5,0.14611111565306692,f
aad12559-78a6-4c05-b49e-52166fff9f87,0.2489433321732818,f
ab4d9dec-384f-49be-bffd-75e4c08878f8,0.9060074390867016,m
ab59a137-82db-45d7-98cc-6d5269417888,0.08705094048309386,f
ab6380ac-b33f-4253-82b7-162a7c0b4a52,0.3614249692206251,f
ab83ea42-7057-4fc3-bac9-7bf2c53a37fe,0.13146248016786197,f
ab9e358d-41cb-46b1-9cbf-d00ac800be04,0.14662790983540985,f
abb3251d-6310-42a3-a641-8383a0cd1c4c,0.20561687058613898,f
abcb646d-ee26-4e79-a9d5-36ecf8e67512,0.8617211829402671,m
abe7185b-f339-4418-a053-0226f93ab04c,0.20012377031434656,f
ac19def6-0c8b-491e-a447-cbb3dbc8ff2a,0.10141869267791373,f
ac49850f-7898-4a38-8fbd-6839260a03bd,0.9276347035235369,m
ac8397f0-d9fc-486a-ac1c-2849172c33aa,0.17990099352538072,f
ac959bc2-9274-42af-bc2e-19773be058ea,0.13432737042364454,f
acd7ee56-c9d8-41af-ba14-21ac8641c081,0.23703925300062453,f
ad5784f0-44eb-4a04-93f6-241c7c6e56b3,0.8890225217704468,m
ad818177-c27d-4a51-afd4-33f5e0f9677a,0.8152069276842139,m
ad85664f-b014-4ea8-85c1-db70b717730d,0.9027074100137843,m
adc021fa-dd23-42ee-932a-07ef9ed9032d,0.7478563913559442,m
ae1c2f38-70b5-43b6-b46b-65a0104a372c,0.6383310413830386,m
aebffcbc-e738-498a-9d79-c959922eff0f,0.9437960472608571,m
af09ab91-8aa4-40cc-b9d3-a9e42137b9df,0.9633539866013948,m
af0cb5c8-4bc4-4081-ac3a-6a927c6758fb,0.11549695800419904,f
af716071-b782-44e9-9af0-3faefcf6e8c9,0.2425478553786616,f
afa04a35-a562-4971-9133-2e49afb4a925,0.9495305280268495,m
afe5862a-10a9-419c-86be-04022fb06f2d,0.16975598013584015,f
afec2a1b-c594-473f-8778-ac628da270d3,0.10987389403816253,f
b027f85b-d6b4-41ee-9c10-a847dff014e0,0.782566882198593,m
b028e26a-987f-478c-a241-52e888612bb8,0.9452242256457744,m
b0c76948-5b78-475b-a248-433ee3452331,0.6489462265576165,m
b0f36bc1-ac61-4965-91ca-76c8e09fb7ba,0.12693002721509747,f
b0fa1c7f-f39a-4279-82b8-86ec6f2f6acf,0.26226004013295684,f
b1949829-5e15-47cd-9161-0fa94397ec9e,0.6498723843468327,m
b1a02d60-12f6-4d51-9a35-42812aad348f,0.6258157888503013,m
b25515aa-5ac1-427a-910a-b1cf502a07af,0.07440251011539059,f
b25bdba0-c793-49cf-b496-ab2aa5ec313f,0.19309295063929463,f
b26032f8-211e-4e54-a3b4-aa660539516e,0.12862362814963765,f
b2754ab3-c942-46dc-853e-9c3fd7408f18,0.0859413341352604,f
b2c7ddba-5bc6-4879-8f9b-8f0d9f7d272c,0.27499209359639815,f
b2f51819-f444-4d70-804a-c1bf25c92c16,0.20921458078204078,f
b31a11e9-8f30-45d4-bd8d-7b86de5912fc,0.7718914705422509,m
b31b6679-149a-433d-a1cd-f54b15d913be,0.8565076751083045,m
b31e7df1-283e-407e-9f83-8307d4918dae,0.22358005012105284,f
b31ee6ef-0803-4b93-81f2-47cc826fbbf4,0.15832430660093277,f
b334b1b3-53be-4747-970e-88576ff5079b,0.13592313015081697,f
b33c8bad-825a-43ac-a25d-a1fbdd0605eb,0.0956049228160991,f
b3422f3c-fa9e-441f-8393-80e393adfe2e,0.1523990133459243,f
b35c7eb4-2c18-4ba9-ac16-b77d1bb2af97,0.12956312668277975,f
b3d6c72a-73c7-4e56-9d43-9ec1403daa12,0.7181453733971673,m
b3df8b83-62f1-4a64-98c0-50718bd1a7b9,0.8710769466181054,m
b3f5b914-bd12-4b21-b5a1-f1be0b591739,0.22765234272397217,f
b40eaae8-e9a1-4215-94d3-d7e7e32d6ca8,0.2592083773335011,f
b40ef570-1294-474b-9a01-b127c39a693b,0.12403108462496217,f
b45837d6-d8be-4c51-a338-b014a96ebf87,0.20044440238801048,f
b459b17b-aa66-4d48-9345-98e6f33f61c9,0.19772376796310304,f
b461c123-906d-4bd3-b4e8-a9868e5a8257,0.7823387327347717,m
b46b376c-74de-4adc-8590-027b33a64d54,0.7305512779861497,m
b4b43266-fc23-4529-885f-e7b14c5032d1,0.2618089769476948,f
b4e6871b-e1e0-45b1-b621-90addd060111,0.016960392003209777,f
b53db254-72cc-4bf9-9274-d423b8da651d,0.04996927577887721,f
b555c2af-319d-461e-a9cf-54cfcd587fa3,0.1377331548912227,f
b56ad403-67b8-434c-adff-33ca53b40eaa,0.9741156373758181,m
b57f6e64-db2d-4327-a09a-e04e830bc89e,0.2592800553828711,f
b582d61d-c069-4805-a1a8-8a652506a76e,0.08613671075133292,f
b5865a44-ab77-4500-aafd-0851612b9db0,0.6004308098449296,m
b59bdcbd-7eef-4982-994c-148f79589bef,0.07509721974881971,f
b5afc37c-ed4b-4641-9f21-31b6d8c9be33,0.6014408856866026,m
b635835b-f18c-4e21-b09b-818caae506a9,0.20773711630553035,f
b6729085-a564-409f-907c-c1d1c7b526b7,0.1835401871365171,f
b68aa8a1-c780-478e-b152-d42a854ad401,0.2124160755461201,f
b69160f6-776e-48d6-a0a4-222abe25ef60,0.29689164733821255,f
b693620f-f4fe-411f-88d3-ea8fea13e28d,0.23293730056406176,f
b6d52fe2-e1e6-4fbd-9265-0e085c04e5f4,0.20920909205681662,f
b7004f98-be87-40a3-b345-fdb5538f2b68,0.7351666275576791,m
b710daf9-c638-4b32-beb0-7c5a3d76fe39,0.10711277946077846,f
b781504a-bd9d-48ad-8257-d4494768446c,0.7369608288475529,m
b7ba5fc7-3df7-4d56-a243-7f15d90f8ca9,0.8697690020780591,m
b7d5be27-fb7c-4e00-98a2-2b74d2c93269,0.8359007644556876,m
b7f1a78a-ceb4-4b7a-8546-b396e6ce1f8a,0.028296910934389193,f
b80abea5-e537-4d74-a3a9-08aca330f1d3,0.033836419067482616,f
b821f483-105b-445c-a414-010fed1d302a,0.22670301691409453,f
b844101b-c713-43ab-9952-60862e51f3a3,0.2452082726804218,f
b874e5d3-d618-4fd8-85e3-51726e6336db,0.23253569985035824,f
b8779cc9-3a8d-4a6c-8b35-49317bf16a01,0.7510660626081413,m
b88c6b84-e2fa-47ce-89c0-872925000af3,0.054181862027794334,f
b8a3147b-96e2-4763-8db6-e755ed8b8830,0.07455578202252465,f
b8be3bb4-cbf5-4165-9161-a048407fa7a4,0.13922875910324264,f
b9040aff-10d2-4a29-94d9-8cbf11ce5898,0.08751498345675815,f
b913fdd3-f1a9-4596-adba-0059a175f727,0.2470099713235823,f
b921d028-03ee-4514-b5ec-bb0f738599f7,0.18837833925334774,f
b987fc63-a06d-4a41-ba73-47765ff727d5,0.9921451548371404,m
b9b3d073-1218-422d-a8f8-b141036203b3,0.21563272410860276,f
b9f96d81-e418-4efa-b451-e5031936f608,0.21268766136318093,f
ba69fc0c-f5b6-4c0d-93d5-56077dabf7d9,0.2712568218617057,f
ba77f882-3f89-4643-8c53-2ede7c95c4b5,0.24757106676851606,f
ba7ab3b0-5f8b-4fdb-a3f7-20a6722ff70b,0.14850322105807556,f
baf0543a-4834-467f-846f-28a1c62d4046,0.16921409302471188,f
baf6c00e-7ec3-4ee5-a42a-fd405fcc6baa,0.7104792227404667,m
bb098438-3f90-4f1d-b019-03ac47ab6efa,0.1791060456964534,f
bb114dd7-0f3f-4b71-9f4f-cc13cf24718a,0.15082787266618516,f
bb173173-c936-475d-957b-17ba04241039,0.23831258243072365,f
bb19a1a5-84ba-4674-b1fb-2b45871cdaee,0.20379777860261508,f
bb68ba89-3b83-4341-a74f-7714874f5d69,0.07003315931785473,f
bb7419df-4df7-463d-915d-0108ad15c190,0.19095423545705076,f
bbc1e170-e704-4b00-b802-5fdac3972019,0.14144763306068092,f
bc0df450-3d10-49a5-b9d5-ed0264e4323d,0.0778930749515202,f
bc104b82-b8db-49a7-a843-c03386dae9b8,0.2081362339711544,f
bc3e34c5-af66-4cf5-82fe-848e88bfd748,0.7400849845638708,m
bc4dbd8d-2f2d-4459-924c-d5821b2d1334,0.32554439625256143,f
bc9b1ab0-0286-468d-ab17-8b7e18e0ec3e,0.19693036729167607,f
bcc33ab7-ffef-4ef2-a7a7-b007024e3441,0.5260305091962052,m
bcf1a0d0-e51b-4c11-82f7-d1376cfbf043,0.16161239918209613,f
bcf2a30b-53ca-4990-8f6a-41a922f28cc7,0.9635230270340459,m
bcf57c5e-ae89-4328-9eed-5d3d77897b2f,0.9903789731106013,m
bd2c889f-c6b7-43aa-8753-7c83593a314f,0.22596422185591236,f
bd3c7085-8f53-4a66-ac63-89c4731ef61b,0.8570418332034053,m
bd4a6575-978b-411c-8e86-11e48a9001e7,0.9900134475341072,m
bdc04da3-8afa-434e-a32f-0dc8d68f838e,0.9066160487364534,m
be2e98ea-1a7b-427a-98f8-e8d65c77cb95,0.32549961771409586,f
be6405fa-430a-4bff-9d7d-e74034ad3277,0.12149795766493045,f
bedd29e3-c7e8-439a-a862-fe99668eb387,0.1595270905694284,f
bf4c604f-5651-4e49-ad3d-77be535be0f5,0.09118834803220117,f
bf4d8938-4ca6-4ff2-b55a-3e46cab72372,0.1705196377145563,f
bf6b4e35-dedd-4fcb-ba02-fa7f86b7c2d8,0.1995032598004834,f
bfcce1a8-6372-4aca-9b64-13c6e373c550,0.17661219244490378,f
bfd7b96f-5920-4a4a-937e-ab18841c9120,0.22175904693581308,f
bfe26d54-70ee-45bb-a233-0b119b41a1a4,0.7282917642589631,m
c0092a79-d8dd-402a-956a-2bb0bf10ad22,0.3825287682967124,f
c00e0031-812a-4ae4-92a1-f726fa96d99e,0.9611443847437204,m
c065f35a-a97b-4d32-8f36-0550bcbec2a8,0.77326315863792,m
c0732e14-5234-4368-ac2e-938bee14dd06,0.22044071786457325,f
c075dd9c-5f78-4b40-802e-81a6eef748f5,0.8720043763609533,m
c082e036-2382-49b0-ac35-5e14f75fff04,0.2452991717825129,f
c0a30326-d705-488e-bff3-17930dc9256e,0.7159073751563425,m
c0e32e6c-8ea7-472c-9662-7f9b9d33635e,0.31724224059104306,f
c109b8c3-cfba-48f7-98aa-266c33d4d31f,0.002231633888437711,f
c14e2cc8-3300-4d53-b0d3-810eaa776ebf,0.8369327339990079,m
c18e856a-96da-45a9-8180-01be721a2e21,0.19399695283962082,f
c19b7ee4-6dad-4413-9461-80a28d471a7b,0.15795886199978162,f
c1ac9280-ff60-4766-bb64-9af11ce22f9f,0.24781364040691067,f
c1f8e7ba-223f-4cb3-8c61-31a2ca9b278d,0.03761540677649667,f
c202f956-9917-43cd-a4c6-1e0015b8c24f,0.25359775027726256,f
c21fe77a-0620-4e03-810c-a4253d6e84e8,0.724788949940716,m
c22ddcc4-f73c-4e56-8b92-d0ab1770b6b1,0.17860587873088002,f
c2b48430-338f-4906-b8b6-4bf09d1dd048,0.7556499149002427,m
c309aa36-5dc9-4c79-a14d-9eeaaaedc313,0.14312491395466875,f
c33510e1-8f95-4478-8c34-5fc8f41d3baf,0.8388500274930806,m
c4053a58-26df-4821-a1de-8556f9b70257,0.18100438348494283,f
c4110a13-8240-4a71-80c9-92b8ccfb1b8f,0.18906361018165296,f
c42e2259-4fc2-4ec4-8bea-e2c4d057c2dd,0.920377606763651,m
c480f1cd-ab2e-4e2a-b006-e179a84b4314,0.35950698131041864,f
c4a12c3c-87b4-4ec0-82bb-6ab10c593d88,0.24604777468442596,f
c4ef77d3-555b-4b2b-bd9d-7af7efc8be20,0.6715262918901204,m
c5046d40-194e-4665-b586-49de405696b5,0.21600919871369245,f
c51af275-eb25-49cf-90d9-798491d8516a,0.22648097549018803,f
c5ac031c-bd70-4d94-9810-3f8fa9f3b2c3,0.13899727927787886,f
c5ad0217-42f8-4568-a3fd-d5b4a1cb181f,0.12728258055635788,f
c5aef2aa-e9b2-4b7c-80a1-c449f12819da,0.07039058702774396,f
c5b9738a-758c-497e-9e29-9e1baca9b02d,0.6888829188637172,m
c5dc8af6-8823-49aa-8786-2d65cdcb2407,0.12971962410882684,f
c624adae-f010-4854-b59f-74362e02b9d8,0.16189089986432328,f
c6aac8da-7945-4864-a694-1ae495a7b876,0.11715184433468935,f
c7115d2a-29e2-4f8f-9eaf-b0b1a6259258,0.07290646780810836,f
c7861dfe-e7dd-429d-a3d1-94678371276f,0.8260916104941723,m
c7a6ba9d-459c-41ce-ad09-07905483ec22,0.12186556463851439,f
c7d4f60c-c53f-40ee-b72a-2c46b5b6bb5c,0.23718896196537134,f
c7ff824c-d79a-4a5f-a1a4-38245a29d62f,0.7895719489570369,m
c80afe2b-4ea0-4bc4-9de4-bd4f4b986ff8,0.1401963662369943,f
c81d8166-c7e0-43b9-8cb9-fa6b741f1c92,0.04433419976225566,f
c81fd490-e1bb-478f-a299-fa3f60689b86,0.09879930380856618,f
c82a968e-daca-4ff3-94b7-d5e226bb9644,0.1538935025337121,f
c8360b93-23c6-4326-bc31-7de9b2d03f68,0.27595203071702806,f
c84a5e0e-0173-48f3-8955-218102527c67,0.10006707755294224,f
c880a333-34a0-4b3f-999f-7781627abb82,0.1873149326251739,f
c8afcac3-0252-471a-8f05-f41eb1e35f56,0.16472425976719773,f
c8c5bbae-3f56-4e06-b2cf-4064592f4af5,0.7287718291007343,m
c8faa2d1-30ee-4359-b199-559b4518e03e,0.016524859701642247,f
c91d195b-5cef-4f96-a772-0b29ec2d8427,0.1375699783232287,f
c9312468-ddb3-4730-8e61-6b4b7ae1f48c,0.21716900138126402,f
c9458710-f228-44e5-8304-d2d819773000,0.1259880328371607,f
c97a0f67-7ce0-49ba-a8e1-b433a690823f,0.0693832231419056,f
c989eecd-9ad9-4cd1-b38d-d0cbee73b044,0.7399431868696288,m
c9b7d6dc-e96d-41a2-a3b3-0dc0e2b2dbb8,0.10704718334496179,f
c9ba31ab-6d18-4f9c-aae9-38b6ee72a2b2,0.9263917278822561,m
ca0569e9-e04a-4e75-a46a-47222f17a4f7,0.9017547155378389,m
ca0fb599-eccc-4e3d-bbbf-916a908cba51,0.16736550118187116,f
ca15fc1c-d598-4d10-b3df-9d6e89ade55a,0.27168468584178096,f
ca1c0afd-ebe3-4c6f-90d4-b14fd268d700,0.8633937167957312,m
ca2f9dc9-9f72-44bf-85ec-c83b1cc6fee7,0.35069073634060743,f
ca3ae4b7-b5f9-4ee0-baaa-e9564dc72a6f,0.7335014768675016,m
caa6356d-e660-4dab-917e-7547090339c3,0.22126362178039125,f
caab2158-924f-45d8-9c09-f3dc6b4eda21,0.1905870740320387,f
cb50dd42-3117-4d3b-9f2c-d93a76119706,0.32496331015207647,f
cb848610-382d-4268-abe3-da5e23539348,0.017123329145134546,f
cbb4618d-821f-4425-acd1-a6fc985569c9,0.09455944065764407,f
cbd2bbfa-f2b8-4fba-9f22-6803a054b135,0.3177010013332929,f
cc47c9bf-8875-42a3-bf4f-b255bde417e3,0.7994467526690267,m
cc687a72-bdde-4855-84f5-edf135aa726c,0.18696134771830694,f
cc6c579f-8311-4072-9fb1-e3ae80aceb97,0.04763036797440542,f
ccf0349d-6f8a-437d-a4ec-10153ca27f10,0.8293842541667922,m
ccf21304-9406-440f-b60e-03a42e51fb6c,0.8108692890182284,m
cd68c7b1-3eb5-4101-a226-236ce4e7f816,0.23791252026918341,f
cd76c504-c9c6-43f2-9637-dde3a1535de1,0.12121195292702551,f
cda602bb-f957-496e-83a4-75d704d036a8,0.13741985482451646,f
cdb879ad-74ad-468d-84ce-e7aa7565e636,0.2886229102643772,f
cde2a0d0-9bf6-408b-a8b7-2390d8b25298,0.16589161056991364,f
ce38b48a-f13b-4aa2-ba73-62ec0ba87645,0.07370579943374404,f
ce5b33f4-4eae-4613-a362-1c0d1c0add79,0.1038498090860718,f
ce7349c0-ede9-42b6-9131-a7dabfab67fa,0.002166933606675003,f
ce862375-4f98-4668-9753-e870dc23ce24,0.6792004353723387,m
cea96aed-f6a6-4605-bacb-473102836c8c,0.15172865215866221,f
cee1f6e0-aa23-458f-8bbc-728f82c1dc5c,0.08404873116737684,f
cf3ca7fc-a1d1-480c-9ca7-b293af7d7c9b,0.8365515551601715,m
cfb62edf-5914-4fed-8d82-4d98cbfb282e,0.10825527153731875,f
cfcdcdf2-c385-4a13-9e3c-4c80d606973e,0.09271303402634583,f
cff9120e-5383-4b60-9ea9-60769715b325,0.8532325553898779,m
d069fea8-3758-4b2e-9446-83119bd45b9d,0.25981445264841835,f
d08f94c0-097e-4e0f-8436-ec5f73456cd7,0.2890673284194179,f
d09f1fae-ded5-4cf4-aa75-a2fa3895f1df,0.2223311658034161,f
d0d2b429-3709-44e6-aee3-c34ea456c322,0.24783746733164772,f
d0e3fd2b-1ecd-4500-a054-c01a22e0106e,0.04601858374077465,f
d0eb2332-3df6-44d1-ac70-1cf85343728c,0.1600171839544853,f
d1097608-9a98-4d18-8bf4-36dd6c0654e5,0.12503669663341271,f
d1250758-9776-4955-a68f-6a1db6154a0f,0.10079302790853359,f
d1320757-35b1-46f4-980c-721e569af6c4,0.19377353047249324,f
d1471156-ee1f-44b5-9e80-02a6c7e98690,0.898668098077518,m
d14d770d-7cca-4ab0-b283-15aeb259ac57,0.10191623162207883,f
d17dc7ac-0df6-4926-8c7f-2746914b4004,0.09088139289556561,f
d1807054-3342-40f5-a2f1-da47fd5f2f95,0.7981577192262371,m
d1aa499f-21ff-45da-ae50-c1dcb4cdc006,0.0729561719597461,f
d1af51cf-18b7-4469-ba39-57642cc96161,0.08561268361577258,f
d1c5efc5-bcec-492a-9ec2-50b1553cc027,0.7522896465339948,m
d1e306b7-347d-4764-abb4-97985087f0c7,0.19315207969109977,f
d1f00af6-759c-4a67-b790-43939a89eaad,0.2877469791060466,f
d1f0d5c7-4136-4f3a-ac44-a1197e8be27c,0.0024925895104253855,f
d2040288-cad0-446d-8038-bf9c8139e276,0.26524673277191824,f
d21d267e-ae2c-4b4e-b281-c72c7ce0bf88,0.09581889728602243,f
d29be46e-ae84-41d3-bcfb-1992fa663554,0.017733744174827884,f
d29c08ce-59f8-4df5-b273-9202de9c7f2a,0.9862188670167523,m
d2e20e11-fc9d-4d9a-8e6e-4460cca77374,0.2758422702999188,f
d2e93fb6-db26-4305-a805-03a3edd66519,0.9542228206208111,m
d2f4e674-a7bc-4b38-a56a-92a1c5738f59,0.9119604622835684,m
d3283b9c-3df3-4e7c-b16a-ef88f0c11c93,0.20558646733220315,f
d381f997-a060-4d72-9441-9efc4f1654ae,0.09539659901827138,f
d386fdb1-9c6a-458a-af9c-589662cd98c6,0.9492587444215945,m
d3f0b471-831b-43d6-a2b3-364052357286,0.29598785847242165,f
d47d80bd-5b07-44ec-a5b4-d41807c6f0b4,0.7955377668509298,m
d4857558-aea5-4026-81da-affe22f6b09a,0.8347465492576549,m
d4cd3f55-c889-42e0-aada-0d579f6d7c65,0.23695510336230413,f
d4e9583c-e6b5-40a9-9199-3d6b6f926141,0.3473007053652734,f
d4f87804-9747-427d-ab4d-788f2360e5f4,0.27535885814652983,f
d6048c39-9a9e-4304-ba67-0afa9e143829,0.10447228483162958,f
d62ed8a6-1e3c-4fd6-b7d9-274e3dbf6b7d,0.1644548275039378,f
d6303e74-fe1c-419b-9edf-1179662510db,0.7756545146215348,m
d634e84d-7c18-4efc-90da-ce328607eb60,0.9786878795607372,m
d658969d-9297-4ac0-bc22-b0ee5f2572e2,0.1896578384812421,f
d65ed5e2-46d1-4a24-81b9-d76708afaa4f,0.06068273942314193,f
d6f64dec-58cd-4258-b346-789047597db3,0.33925974010672355,f
d71cda69-645a-45b2-ba8c-0b631cc35879,0.1593148848268725,f
d730bb80-8dd3-4da7-a5d3-5ff4e866b276,0.2106202325470601,f
d7311b56-9722-42b6-967b-14dbd46dcd8e,0.8729231337495756,m
d7789765-4cbe-48a9-9dd8-2d5fe7f419da,0.21971475081149,f
d7889d34-1659-4665-859a-cbff8ab21e6d,0.8628923790574141,m
d79493ad-fdeb-4baa-b149-9f040be20487,0.23717846773036244,f
d79b8663-298a-44a2-bcd8-dc3055a4fb47,0.250747395211753,f
d87939f7-bbdd-48e7-8b89-26c9c025ae13,0.8355657292457469,m
d88a141f-12d9-4651-9149-6dafbe01a33a,0.8604261874796056,m
d8dbc9b2-d65c-40dd-bfc4-595374f6816f,0.012642655660160347,f
d92abd79-d338-4c56-bb86-f86056fca953,0.17532961379241677,f
d9629595-b7d0-4db6-9528-8d266f350abc,0.9223290235621449,m
d9818cf5-38fe-4ed9-a0eb-29954b6719c2,0.3267945734177226,f
d99fd0d1-2668-4d75-b616-567a86e5acc8,0.33816652902968114,f
d9fd3a47-87f1-4075-82fc-6a82be14e415,0.07435727556100052,f
da6e6b0e-fc7d-4939-984a-64e3079a4780,0.20377705014865258,f
da7a4dbd-78cc-4956-b551-e5d09fa7a37a,0.13713411250956453,f
da8facf7-e352-497e-bd38-62635dc03893,0.0622008962327067,f
dabded53-a446-481f-b16a-75825f076aeb,0.7406607900899488,m
dac16b1d-0fae-4783-8df5-4dc203e0a044,0.1849243327694683,f
db27b3c1-718f-46c6-8359-08cc61b52f18,0.13014536224613324,f
db28b916-da20-4d9c-8774-6bb089542bf7,0.7869511725002989,m
db6acee7-fe30-4afe-8997-9738db538fbf,0.9650243896842944,m
db7abe06-193e-4dd0-8584-f675541466c3,0.8635894021292564,m
dbad7dbd-589a-4bbe-84a7-e23b013ecf41,0.2622153863445809,f
dbb06156-e7e3-4ab6-af47-bae17c9a11b3,0.2534116305277157,f
dbd0a1ce-b2b4-4345-b4a1-235af200f0ab,0.9694906545318359,m
dbf40dad-2441-4434-aa89-5b6242b9554a,0.7958778618864881,m
dc210a61-1edb-4007-a2a8-6d1e6d08647a,0.15518684521902262,f
dc2aa482-86f3-423c-9334-31b3a4948521,0.2837920987225797,f
dc88e033-7d10-4823-a792-d7384ce065e7,0.9880124464109903,m
dce31a82-660a-4f37-b35c-9d76dbd005c5,0.15976119676287917,f
dced5cc3-020c-48c5-a38d-319779f40f29,0.9411173102911348,m
dd096e50-7c17-477a-8562-de1cd909e7ee,0.35864704162862704,f
ddc2bfbb-ae70-48a6-bcb0-d4b904686769,0.07912961178792266,f
ddcbad29-1888-4342-99c4-7c25dee1f9dc,0.1600551437242444,f
de0906c4-bcf5-4a6d-95cc-eec633eb0d61,0.9941095541148759,m
de25fb0b-0ce7-457a-927d-27dda5d6870b,0.09258428123660926,f
de71ac03-593b-4ad9-a147-26e2cb43c2d6,0.7854837947444854,m
de92cc8b-1ed7-4202-8668-578725a10113,0.24709138014647428,f
dea0a633-f589-4e55-9ff4-8304670ec4d9,0.7287406149730673,m
df2d2fb0-cba5-45ec-8e4d-666d0ec6467c,0.669876867011689,m
dfddcb91-3ba8-42c0-a29b-2d9e78fca069,0.15313510968608532,f
dfe84ca2-595d-45ae-8be9-540af4887a88,0.21816703934336013,f
e01130a4-107f-4c62-8900-92f76fefd86e,0.7793354923892168,m
e03f53d3-ee64-40dc-b743-a600796a3fbf,0.1244029704923596,f
e0462c82-7c69-4afd-8009-3f0cb04a27f6,0.2701766637670537,f
e04d56f6-0164-4ddf-a33b-d21be3aa335a,0.11848985799196116,f
e0a58fc2-bb2d-4de8-9821-56e4c910ecdb,0.6553968802282011,m
e0e408e2-c880-41ec-93ab-772746a53aaa,0.8820513419168147,m
e159c96c-1871-4977-a3a9-dfba1ed06b4a,0.6747207311266893,m
e15a8e19-d1fc-4880-a994-850286cc8cc4,0.3376730028067052,f
e1ae565e-548b-4bfc-860e-57a679f550a7,0.17383192408225545,f
e1e64287-cb85-4705-a50c-3e6d68f59133,0.1342531799448806,f
e2550363-0649-426b-9580-28767a9ede9b,0.08338004994376516,f
e2653d9f-5e37-411e-b31b-69bda9afacfb,0.028669540067161395,f
e2790481-196f-4287-896f-0b42a118d42f,0.020972114015721997,f
e286bdae-47dc-4bf7-a6db-c2500563300c,0.00573897780868477,f
e29ec715-3e80-482c-9545-f55210627e11,0.9237312657887086,m
e2a6ea34-318f-4ef1-8ba3-c73299082140,0.8942175650792075,m
e2ae01a9-4122-4761-8b25-bfa67c4de012,0.2361767860179719,f
e2d5fc16-f72e-4d3f-803c-1e81777237c2,0.12333945867110516,f
e2fc902a-c626-43a8-a97c-181489599916,0.2779015983037899,f
e304a7b7-2140-4ce9-b0ac-bd1c98ba86f7,0.6246686650413468,m
e313aec8-4109-44ad-b2d2-7bb4feeea8d7,0.13663637157448402,f
e325c0b3-befb-4297-af37-c3f551339917,0.0989451385271605,f
e3584cb2-85f9-4dc5-98ed-af5bbd203cca,0.14127033931897762,f
e3e15c49-fd09-4ba4-98f5-7cdde3962276,0.2537248458025226,f
e3fe81ab-68cf-4892-b5fc-ef1eade08666,0.11820485108195443,f
e40467c8-56e6-44ac-9618-e3057597154d,0.9261289346940377,m
e4623a43-be10-4047-be8e-da19097299f2,0.06936062402600135,f
e4903a22-be45-4f9e-9c8f-356d2bdf2294,0.19662927170540742,f
e4a03f5a-6487-470f-bcf9-e787c971c2c9,0.2989142106968067,f
e4afd3ac-8027-4194-8925-06893c09e545,0.20037804336639467,f
e4ce1999-5af6-4bc0-956a-38c59fc4609d,0.07899682151821312,f
e500e0ee-c361-4aba-8987-a5a2e571e059,0.034441980614577476,f
e50f53e0-8670-4f73-b58b-0befbe155181,0.014477974415228483,f
e510d83b-d62c-4cd2-be01-f6f5a9c1262b,0.07346609003294675,f
e5812ac7-44be-4064-9831-3f7ece393fd1,0.6955022340593002,m
e5832bb4-93c3-4df8-82c2-201bbb947a42,0.9854096304059468,m
e58b417e-77d8-4517-867a-150643df2bc7,0.11676031314126206,f
e5b089b1-64cc-42f6-ac53-d57ff9a85a42,0.1627042465658558,f
e5e23b2f-d3b7-4617-82ef-47564fc07f90,0.0459219738918338,f
e5fcd40c-0b62-4b29-b5c5-7c5ae8f20ed8,0.052085144029403584,f
e61e951d-4cea-4c06-8eba-fd657cafa94f,0.7806346950201454,m
e639658b-471c-4688-85a9-ce553d44253d,0.17701515249281619,f
e690a203-fc56-48ac-8292-56f0cf150100,0.8515870521509444,m
e6bdf98e-0185-49c5-a7c8-60b0b4bd55e5,0.6565826242774303,m
e6cd2849-9dad-44c1-90d4-b0e195d10558,0.7471394131152463,m
e6e4d7ad-cb1d-4645-8af4-cb4f5477c60b,0.7660897696407241,m
e74e5cc2-e05a-4701-963d-a70a41fff93d,0.7772964666070039,m
e75f0ae3-fa74-4912-91fd-647ec9a99eb6,0.047159919589627626,f
e7704eb3-f65d-4a31-bcb1-945d34496d54,0.2676076230678138,f
e78b9739-4521-4db7-ae63-c01898f4f651,0.7886100597560465,m
e7c1fa57-e983-4a21-bc57-169347c1ad24,0.8044302498848024,m
e7f74ee8-e59b-4e11-8d2d-f24fd226886b,0.03907857356241736,f
e805bef4-6532-412f-ad34-2df12e65ced6,0.8832220772811096,m
e82d4972-d496-41bf-902a-e75c64993083,0.11303292910002807,f
e832ec4d-236c-4932-8912-e3fd11a7191d,0.2466074099691974,f
e8b25071-f7b8-45c1-aacc-17f2c1a0e688,0.8429991278952635,m
e8fe8096-604c-446e-87b1-e5b3c89db6b1,0.07720236451065439,f
e9215927-bf83-49fb-9b7a-526c5bd63b00,0.2523279300609564,f
e92f29bc-2a8d-45c8-88e3-ed813503f621,0.22771535233864945,f
e9325b64-2a30-49f9-ae2d-7576bbaea74c,0.35038879994498845,f
e93b8e43-bc96-4332-90ce-2dbdc2ba9034,0.03448052650113402,f
e94a3c2d-a9f3-4173-b8af-fbafe6afc108,0.8004046503166137,m
e964ec20-481f-4888-be93-d2247aabbf44,0.262571014243243,f
e9a7c4c5-c60f-4c1c-aa29-54a90cda5207,0.18406658126676467,f
e9d3175f-02e8-4418-8825-801db5954450,0.41449230812690346,f
e9de1d63-22ac-442a-9b4d-510114a57cf9,0.04029001931708755,f
e9e71cdf-dce3-49fd-8804-eb2f4e9a0010,0.7130222153531851,m
e9f93334-71da-4f39-89b2-7447f210a80d,0.23432967910602204,f
ea16e39a-3252-429a-96eb-97a6bb92b40d,0.0780355248896419,f
ea26ac2c-c590-45d1-bd89-82feaedb692b,0.20581258693229793,f
ea2920db-6b81-4a92-b466-4fc47805085e,0.26247283674990257,f
ea34b03f-a082-4e7c-a00f-c6471ed9766e,0.17540764530795938,f
ea379ca3-548a-4edf-89fe-d8286a2eafdb,0.2989421498436442,f
ea42cb35-f13a-4167-bc3a-dfd0c54e3cfa,0.24472013535061993,f
ea6a0357-9f14-4804-bb09-5bcf2457d13c,0.15058862820920377,f
ea82c934-6789-4922-b0ac-2b523eaceaf9,0.901752931081671,m
eac00ddc-13ca-4f5d-906b-f0830087d3f2,0.6402339641331434,m
eac1cf6b-8b85-4d1f-bc8c-a25943ec4333,0.6849939548142756,m
eafa4053-d2c9-456b-8bd9-1f68b593060f,0.166793920229733,f
ec3aa4ae-4d73-4278-ab01-385e88d9c831,0.0037862867016426553,f
ec4fc3d5-dbe6-40e1-9e15-076159e34cd5,0.13654553578528875,f
ed207e72-0728-44b6-ae77-ea9382fa9d03,0.13279818883209762,f
ed4881cf-4009-4d5b-ae9e-d0a93d114ecb,0.277200222834479,f
ed7a8030-43d1-4f60-91be-be5ef9073eb5,0.7264165686200803,m
ed9b1f06-6464-4d25-9278-0f11ecb60d26,0.05469901476728896,f
eddc453c-1a8d-435e-a20b-b028b5a3bec9,0.08962194070694195,f
ee06ae5e-027b-4d70-bd38-c784af1eaa6c,0.13818816404727563,f
ee2f76a0-e4e0-4600-a7da-b452a7123f2f,0.7622759148389715,m
eebad728-47cb-4c38-978e-f181394e53c8,0.9597331353890339,m
eeca12f9-a45f-4ee8-b33d-5e95ab2d4b41,0.866253608860741,m
eee1656d-992f-4895-a06a-41904a426e6e,0.07742303630812808,f
ef4f5961-840b-4220-a9fe-a1e1905f891a,0.22437260421346897,f
ef564b0c-b20b-40c8-92d5-bf58f55ba833,0.04106295685007601,f
ef5a509f-78ec-46e2-afc3-90c52f176c04,0.0842082230085422,f
ef5b0583-3b90-4df5-9c0b-501c5d85d06c,0.11229008897380366,f
ef737194-f77c-4e2e-9d76-66343ee91dac,0.23528766876760418,f
ef79e3bb-a27f-47ec-822a-c46f7b910379,0.1376489893717983,f
ef9e1596-e276-4a28-b8c1-6be0131b4cd0,0.12929866334812487,f
efb2e51b-37b0-4b44-8ee7-c79cbe888aed,0.7474477576439944,m
f00b029a-a811-4a92-ac0c-cade98050511,0.2450210495554032,f
f0772a93-181e-4a15-bc68-1f1948eae4d1,0.7879059659837029,m
f0c88a00-21ef-4b09-a87a-ec4935d8fbd0,0.8499567271412358,m
f12704bb-fe1f-48db-b212-e40d71a2dc08,0.07445992800205452,f
f15e08f4-8d5d-4ddc-af1a-2c33c4a50774,0.16137361746700218,f
f176cc11-f59b-4aeb-a1dd-7430c1873ec9,0.2479040445110321,f
f1f21b81-b84b-4e5a-ab42-e5b9c18d964f,0.10677576932821523,f
f2115365-f3f9-47fc-83a3-4ede98ed34ab,0.24699206564490447,f
f22605b2-17fa-4eeb-afa1-fc536f8a5744,0.1429090750894315,f
f25ed3ea-da12-4c95-9673-e06708c51ea6,0.32115967250030675,f
f29c81e8-9e9a-4f4e-907f-c4c8cb28634e,0.955016732704043,m
f2c6ee59-dca9-460b-aa6b-6cb2970e61c3,0.21676353464816148,f
f2e4f02b-0a90-4a69-b72b-4ddfe67b9386,0.13049361502909604,f
f2e7059d-f4d2-4cc3-aa72-cfb78d1ded06,0.013728407998736257,f
f30c5346-9d75-4cff-bdf6-68a2a98f4807,0.11417942320451469,f
f341725a-e259-4d90-ba82-0216b069664c,0.14387379115694734,f
f3552346-ff9d-4b1b-8a9b-f368a7ff5464,0.04965624575841293,f
f357baf9-9a46-4514-ba8c-83c7aece49b9,0.1411402436137762,f
f35c32ce-d2e0-4b19-b225-d1f44ca94ed3,0.6388661845874355,m
f3cabdf0-b346-4109-8fa3-c0d4bec28406,0.18168421201385404,f
f4086e21-b2cd-43c6-aaf5-0161c850381b,0.7380830234762148,m
f429f91c-7c22-4cdc-9ae3-a8e8ee490fec,0.393459381378963,f
f46d63e9-e45c-4dec-b81f-02b1d092c935,0.20420175795837678,f
f48de1d3-b4ab-4412-b61b-549bc77fe3e3,0.14361259479499236,f
f4921034-74dc-4ebd-9c3a-5377da1bafc3,0.24857442010284206,f
f4ad0423-5516-461e-be77-62055c3a48f0,0.7852237174398619,m
f4cc1eb5-5e69-4075-b6c4-2e9648a5f102,0.2392858716275148,f
f4ed4731-2d18-4fc6-b992-cae50dfd37e1,0.06654006144796938,f
f4ed5cfb-ec50-4b6a-9250-19eab75fc585,0.23972863982289336,f
f501adac-2e63-4e4d-8fe4-2676208df190,0.36516469391131234,f
f546a9fc-ccc3-406e-af3f-52944e611173,0.01678390051355358,f
f596252c-6ec0-4cff-be6b-6cecc48c160b,0.715251014388906,m
f5e84ae9-3165-4a7c-9ec2-db041a08300d,0.20391801222317193,f
f618bdb3-a5fa-4131-9381-58919f7366e8,0.060394926126955614,f
f6afadeb-18e4-431a-a8b9-4135e5d3efb2,0.19684111225436463,f
f6b75032-7b71-48f8-b848-bf03456fd6d2,0.8071405758729938,m
f6c442ee-c1d4-4567-9964-5f26eb9f73b3,0.11720624870215565,f
f6c721d8-6388-439c-8299-16597d5077ee,0.39414460548560026,f
f6eab422-521f-436d-8663-98c5efca8c50,0.08034891905906093,f
f6f8e595-d5d9-4fc9-b7b7-4527e9ff362a,0.7864884533475504,m
f6fa688d-635b-42b4-a1cd-c5e3506c624c,0.858266069837092,m
f7079576-cc5e-46de-8094-abe108ca6334,0.10848914002227453,f
f769aac2-0cc6-4dbb-b556-1b41840eac7b,0.06778099589265285,f
f79fd2bf-d46d-480e-8312-f22726b81718,0.9356636492806264,m
f7b11329-193d-4f60-9fee-a5b9012fb8ed,0.2872159764599138,f
f7f38806-b745-41dc-8fda-c62dfe368afb,0.07715293563843671,f
f80d8d40-9a95-4d45-bc19-e8abc9ccc262,0.2884351331810068,f
f81be1b3-e349-41c0-b6df-3d7cc86cda0b,0.11420733064446105,f
f8218d83-046d-4112-b890-75fa95429ce4,0.11933637088854243,f
f8715321-46df-4b08-903d-f63b367de050,0.7262415359076206,m
f886bd90-2f71-40e8-bced-c98b69aa9d02,0.10396631587105841,f
f8d29f81-dc32-45f0-9f24-83297536619a,0.8837564065081832,m
f8e83aeb-4aa8-4615-a6e6-69c0213fa11a,0.11431068701380703,f
f94314f7-dde2-4fbe-9abb-e355c63d6037,0.30825853123541064,f
f9446720-2e49-4cde-8e56-e5e992828022,0.9165671015948863,m
f9502a1d-29cd-453a-9170-dbe79c9b1b23,0.935203267179416,m
f96efcb1-acf7-4a92-81fc-25e7a4f2748f,0.30896204884109724,f
f99c1713-5249-45e4-b99b-15b6ee6892de,0.27348827109158036,f
f99f4640-1e9e-44a1-b31d-0a29c3f6e15b,0.0874717871455258,f
f9abca9a-cb25-4173-bd0a-0ef1d6be1f8f,0.07995480199864305,f
f9d30992-b34f-4c8a-bb27-62ac636afd65,0.8486646813093964,m
fa325d90-b7c0-49ba-83eb-06dc2580eb8c,0.03400502259928723,f
fa34711a-4306-4a36-adaf-ec0537e70750,0.14304094643742266,f
fa4a775d-c022-42bd-99a7-ef578602a52e,0.20265857047343602,f
fa9e1816-0db2-45bb-bb84-3d5fdae2fa76,0.6906107428988252,m
fac1ccd7-e8c2-49f6-993c-db49e17868ce,0.2559739308681938,f
facf9cb2-76a3-4783-b12c-982c2bec2aa1,0.13134666605911288,f
faf5e4bd-a0eb-4d94-be13-231d9ed2e56f,0.255591328822217,f
fb46843f-10d0-4ebd-86f6-56446763e7d3,0.7405704963870686,m
fb70d683-c367-436b-9afc-95dcd7219593,0.7870955802493425,m
fb8cac42-96b8-4131-8852-3c243fb4862c,0.1685088674562566,f
fb9a0096-0442-4d67-88ed-bd98c57c4b52,0.13854926895612657,f
fbebf77f-00d2-4b93-9107-eed3a7dda421,0.20835801881118146,f
fc784d9b-77e7-4a2b-bcf1-f6c89674612a,0.6597686201269387,m
fc811af6-41ef-4789-9b38-bd644c6532a6,0.1980603623341624,f
fcaf6ad2-6348-42cd-b826-b95e7159cf2e,0.17195055709356527,f
fce04234-e56d-4c94-bcf2-8d576c3469c9,0.8368104308555239,m
fce42b26-619e-41e6-8e15-8ae71eee9c8d,0.9040431607954525,m
fd0caa8a-d4f6-4f32-a174-9f32973f5881,0.14966892037417728,f
fd1f7317-d8c2-4728-bf8f-00acd049de73,0.8164987033143519,m
fd2bd543-e0b6-42f6-a640-3bd3bae9a4ee,0.18294319179118698,f
fd73f7c8-288d-424d-b4a0-218c544e3f27,0.21730867215647268,f
fdde6f19-ea98-4ed9-87cb-48f1d49c81cd,0.8387638454230082,m
fe0c08c9-1387-43d6-9c13-3781983662d3,0.8216796855271096,m
fe14635d-1454-4522-b597-34b31b19c173,0.8092996846700744,m
fe5f6571-99dd-4882-9f5a-b1385dff6b17,0.7996747486787936,m
fee2c08d-6f02-4b5c-8fdf-a6d1e09df6c2,0.1044501196066636,f
ff2551e6-753b-4ccf-a71f-8b674ebcc5b1,0.2861988599757746,f
ff394442-d8a2-40bb-8ca5-18289763fb30,0.2497748340798478,f
ff5357ef-2ccd-4710-8504-983db139de22,0.7375760661776033,m
ff8692df-2417-483b-ae8c-3668bbd321c1,0.2741883755482326,f
ff8c782d-640f-444a-98be-b1646ead7fc3,0.8554363632110342,m
ff925273-48c4-417f-bf54-5baf32ed8199,0.05377288895144081,f
ff93dcea-7f42-410b-b805-af178d8bc461,0.29546307549140505,f
ffc70334-7ffc-4d5b-9dc8-36a88a40d023,0.21561346881532747,f
ffe0e2e2-b68c-47ea-b2bd-7df594f81b00,0.8741913699806682,m
fff3abeb-aef6-4edc-a3cf-8f29111f3320,0.28466856351994196,f
